loading lookups...
  industries=9 posts=217998
loading pairs...
  pairs=1,959,707
loading lookups...
  industries=9 posts=217998
loading pairs...
  pairs=1,959,707
[2,000/1,959,707] win 2.3/s | overall 2.3/s | bad=0 | ETA 236.3h
loading lookups...
  industries=9 posts=217998
loading pairs...
  pairs=1,959,707
[2,000/1,959,707] win 2.2/s | overall 2.2/s | bad=0 | ETA 243.4h
[4,000/1,959,707] win 2.3/s | overall 2.3/s | bad=0 | ETA 238.4h
[6,000/1,959,707] win 2.3/s | overall 2.3/s | bad=0 | ETA 237.2h
[8,000/1,959,707] win 2.3/s | overall 2.3/s | bad=1 | ETA 236.8h
[10,000/1,959,707] win 2.2/s | overall 2.3/s | bad=0 | ETA 238.4h
[12,000/1,959,707] win 2.2/s | overall 2.3/s | bad=0 | ETA 239.0h
[14,000/1,959,707] win 2.3/s | overall 2.3/s | bad=0 | ETA 238.9h
[16,000/1,959,707] win 2.3/s | overall 2.3/s | bad=0 | ETA 237.9h
[18,000/1,959,707] win 2.3/s | overall 2.3/s | bad=1 | ETA 237.4h
[20,000/1,959,707] win 2.3/s | overall 2.3/s | bad=0 | ETA 236.7h
[22,000/1,959,707] win 2.4/s | overall 2.3/s | bad=0 | ETA 235.0h
[24,000/1,959,707] win 2.4/s | overall 2.3/s | bad=0 | ETA 234.2h
[26,000/1,959,707] win 2.2/s | overall 2.3/s | bad=1 | ETA 235.0h
[28,000/1,959,707] win 2.2/s | overall 2.3/s | bad=1 | ETA 235.1h
[30,000/1,959,707] win 2.2/s | overall 2.3/s | bad=1 | ETA 235.3h
[32,000/1,959,707] win 2.2/s | overall 2.3/s | bad=2 | ETA 235.3h
[34,000/1,959,707] win 2.3/s | overall 2.3/s | bad=1 | ETA 235.0h
[36,000/1,959,707] win 2.3/s | overall 2.3/s | bad=0 | ETA 234.6h
[38,000/1,959,707] win 2.3/s | overall 2.3/s | bad=0 | ETA 234.4h
[40,000/1,959,707] win 2.3/s | overall 2.3/s | bad=0 | ETA 234.2h
[42,000/1,959,707] win 2.3/s | overall 2.3/s | bad=0 | ETA 234.1h
[44,000/1,959,707] win 2.3/s | overall 2.3/s | bad=0 | ETA 233.8h
[46,000/1,959,707] win 2.3/s | overall 2.3/s | bad=1 | ETA 233.5h
[48,000/1,959,707] win 2.2/s | overall 2.3/s | bad=0 | ETA 233.4h
[50,000/1,959,707] win 2.2/s | overall 2.3/s | bad=0 | ETA 233.3h
[52,000/1,959,707] win 2.3/s | overall 2.3/s | bad=1 | ETA 233.1h
[54,000/1,959,707] win 2.3/s | overall 2.3/s | bad=0 | ETA 232.9h
[56,000/1,959,707] win 2.2/s | overall 2.3/s | bad=0 | ETA 232.8h
[58,000/1,959,707] win 2.2/s | overall 2.3/s | bad=0 | ETA 232.7h
[60,000/1,959,707] win 2.3/s | overall 2.3/s | bad=0 | ETA 232.5h
[62,000/1,959,707] win 2.3/s | overall 2.3/s | bad=0 | ETA 232.1h
[64,000/1,959,707] win 2.2/s | overall 2.3/s | bad=0 | ETA 232.0h
[66,000/1,959,707] win 2.2/s | overall 2.3/s | bad=0 | ETA 231.8h
[68,000/1,959,707] win 2.2/s | overall 2.3/s | bad=1 | ETA 231.8h
[70,000/1,959,707] win 2.3/s | overall 2.3/s | bad=1 | ETA 231.6h
[72,000/1,959,707] win 2.3/s | overall 2.3/s | bad=0 | ETA 231.3h
[74,000/1,959,707] win 2.3/s | overall 2.3/s | bad=1 | ETA 231.1h
[76,000/1,959,707] win 2.3/s | overall 2.3/s | bad=0 | ETA 230.8h
[78,000/1,959,707] win 2.2/s | overall 2.3/s | bad=2 | ETA 230.7h
[80,000/1,959,707] win 2.2/s | overall 2.3/s | bad=1 | ETA 230.6h
[82,000/1,959,707] win 2.2/s | overall 2.3/s | bad=1 | ETA 230.4h
[84,000/1,959,707] win 2.2/s | overall 2.3/s | bad=0 | ETA 230.2h
[86,000/1,959,707] win 2.2/s | overall 2.3/s | bad=2 | ETA 230.0h
[88,000/1,959,707] win 2.3/s | overall 2.3/s | bad=1 | ETA 229.8h
[90,000/1,959,707] win 2.2/s | overall 2.3/s | bad=0 | ETA 229.6h
[92,000/1,959,707] win 2.2/s | overall 2.3/s | bad=0 | ETA 229.4h
[94,000/1,959,707] win 2.3/s | overall 2.3/s | bad=0 | ETA 229.1h
[96,000/1,959,707] win 2.3/s | overall 2.3/s | bad=0 | ETA 228.9h
[98,000/1,959,707] win 2.3/s | overall 2.3/s | bad=1 | ETA 228.7h
[100,000/1,959,707] win 2.3/s | overall 2.3/s | bad=1 | ETA 228.4h
[102,000/1,959,707] win 2.3/s | overall 2.3/s | bad=0 | ETA 228.0h
[104,000/1,959,707] win 2.3/s | overall 2.3/s | bad=0 | ETA 227.7h
[106,000/1,959,707] win 2.3/s | overall 2.3/s | bad=0 | ETA 227.4h
[108,000/1,959,707] win 2.3/s | overall 2.3/s | bad=0 | ETA 227.1h
[110,000/1,959,707] win 2.3/s | overall 2.3/s | bad=1 | ETA 226.8h
[112,000/1,959,707] win 2.3/s | overall 2.3/s | bad=1 | ETA 226.4h
[114,000/1,959,707] win 2.3/s | overall 2.3/s | bad=1 | ETA 226.1h
[116,000/1,959,707] win 2.3/s | overall 2.3/s | bad=1 | ETA 225.8h
[118,000/1,959,707] win 2.3/s | overall 2.3/s | bad=1 | ETA 225.4h
[120,000/1,959,707] win 2.3/s | overall 2.3/s | bad=0 | ETA 225.1h
[122,000/1,959,707] win 2.3/s | overall 2.3/s | bad=0 | ETA 224.7h
[124,000/1,959,707] win 2.3/s | overall 2.3/s | bad=0 | ETA 224.4h
[126,000/1,959,707] win 2.3/s | overall 2.3/s | bad=0 | ETA 224.1h
[128,000/1,959,707] win 2.3/s | overall 2.3/s | bad=0 | ETA 223.7h
[130,000/1,959,707] win 2.3/s | overall 2.3/s | bad=0 | ETA 223.4h
[132,000/1,959,707] win 2.4/s | overall 2.3/s | bad=0 | ETA 223.0h
[134,000/1,959,707] win 2.4/s | overall 2.3/s | bad=0 | ETA 222.7h
[136,000/1,959,707] win 2.3/s | overall 2.3/s | bad=0 | ETA 222.4h
[138,000/1,959,707] win 2.4/s | overall 2.3/s | bad=0 | ETA 222.0h
[140,000/1,959,707] win 2.2/s | overall 2.3/s | bad=1 | ETA 221.9h
[142,000/1,959,707] win 2.2/s | overall 2.3/s | bad=1 | ETA 221.8h
[144,000/1,959,707] win 2.2/s | overall 2.3/s | bad=0 | ETA 221.6h
[146,000/1,959,707] win 2.2/s | overall 2.3/s | bad=0 | ETA 221.4h
[148,000/1,959,707] win 2.2/s | overall 2.3/s | bad=1 | ETA 221.2h
[150,000/1,959,707] win 2.2/s | overall 2.3/s | bad=1 | ETA 221.1h
[152,000/1,959,707] win 2.2/s | overall 2.3/s | bad=0 | ETA 220.9h
[154,000/1,959,707] win 2.3/s | overall 2.3/s | bad=1 | ETA 220.7h
[156,000/1,959,707] win 2.3/s | overall 2.3/s | bad=0 | ETA 220.4h
[158,000/1,959,707] win 2.2/s | overall 2.3/s | bad=1 | ETA 220.2h
[160,000/1,959,707] win 2.2/s | overall 2.3/s | bad=0 | ETA 220.1h
[162,000/1,959,707] win 2.2/s | overall 2.3/s | bad=0 | ETA 219.9h
[164,000/1,959,707] win 2.2/s | overall 2.3/s | bad=0 | ETA 219.7h
[166,000/1,959,707] win 2.3/s | overall 2.3/s | bad=0 | ETA 219.5h
[168,000/1,959,707] win 2.3/s | overall 2.3/s | bad=0 | ETA 219.2h
[170,000/1,959,707] win 2.2/s | overall 2.3/s | bad=0 | ETA 219.0h
[172,000/1,959,707] win 2.2/s | overall 2.3/s | bad=0 | ETA 218.9h
[174,000/1,959,707] win 2.2/s | overall 2.3/s | bad=1 | ETA 218.7h
[176,000/1,959,707] win 2.2/s | overall 2.3/s | bad=0 | ETA 218.6h
[178,000/1,959,707] win 2.2/s | overall 2.3/s | bad=1 | ETA 218.4h
[180,000/1,959,707] win 2.2/s | overall 2.3/s | bad=0 | ETA 218.3h
[182,000/1,959,707] win 2.2/s | overall 2.3/s | bad=0 | ETA 218.1h
[184,000/1,959,707] win 2.2/s | overall 2.3/s | bad=0 | ETA 218.0h
[186,000/1,959,707] win 2.1/s | overall 2.3/s | bad=1 | ETA 217.8h
[188,000/1,959,707] win 2.2/s | overall 2.3/s | bad=2 | ETA 217.6h
[190,000/1,959,707] win 2.2/s | overall 2.3/s | bad=0 | ETA 217.4h
[192,000/1,959,707] win 2.2/s | overall 2.3/s | bad=2 | ETA 217.2h
[194,000/1,959,707] win 2.2/s | overall 2.3/s | bad=0 | ETA 216.9h
[196,000/1,959,707] win 2.2/s | overall 2.3/s | bad=1 | ETA 216.7h
[198,000/1,959,707] win 2.3/s | overall 2.3/s | bad=0 | ETA 216.5h
[200,000/1,959,707] win 2.3/s | overall 2.3/s | bad=2 | ETA 216.2h
[202,000/1,959,707] win 2.3/s | overall 2.3/s | bad=0 | ETA 216.0h
[204,000/1,959,707] win 2.3/s | overall 2.3/s | bad=0 | ETA 215.7h
[206,000/1,959,707] win 2.2/s | overall 2.3/s | bad=0 | ETA 215.5h
[208,000/1,959,707] win 2.2/s | overall 2.3/s | bad=0 | ETA 215.3h
[210,000/1,959,707] win 2.2/s | overall 2.3/s | bad=0 | ETA 215.1h
[212,000/1,959,707] win 2.2/s | overall 2.3/s | bad=1 | ETA 214.9h
[214,000/1,959,707] win 2.2/s | overall 2.3/s | bad=0 | ETA 214.7h
[216,000/1,959,707] win 2.2/s | overall 2.3/s | bad=0 | ETA 214.5h
[218,000/1,959,707] win 2.2/s | overall 2.3/s | bad=0 | ETA 214.3h
[220,000/1,959,707] win 2.2/s | overall 2.3/s | bad=0 | ETA 214.1h
[222,000/1,959,707] win 2.3/s | overall 2.3/s | bad=0 | ETA 213.8h
[224,000/1,959,707] win 2.3/s | overall 2.3/s | bad=0 | ETA 213.5h
[226,000/1,959,707] win 2.3/s | overall 2.3/s | bad=1 | ETA 213.3h
[228,000/1,959,707] win 2.2/s | overall 2.3/s | bad=0 | ETA 213.1h
[230,000/1,959,707] win 2.2/s | overall 2.3/s | bad=0 | ETA 212.9h
[232,000/1,959,707] win 2.2/s | overall 2.3/s | bad=0 | ETA 212.7h
[234,000/1,959,707] win 2.3/s | overall 2.3/s | bad=0 | ETA 212.4h
[236,000/1,959,707] win 2.3/s | overall 2.3/s | bad=1 | ETA 212.1h
[238,000/1,959,707] win 2.3/s | overall 2.3/s | bad=0 | ETA 211.8h
[240,000/1,959,707] win 2.4/s | overall 2.3/s | bad=0 | ETA 211.4h
[242,000/1,959,707] win 2.3/s | overall 2.3/s | bad=0 | ETA 211.2h
[244,000/1,959,707] win 2.1/s | overall 2.3/s | bad=1 | ETA 211.0h
[246,000/1,959,707] win 2.2/s | overall 2.3/s | bad=1 | ETA 210.8h
[248,000/1,959,707] win 2.2/s | overall 2.3/s | bad=1 | ETA 210.6h
[250,000/1,959,707] win 2.2/s | overall 2.3/s | bad=2 | ETA 210.4h
[252,000/1,959,707] win 2.2/s | overall 2.3/s | bad=1 | ETA 210.2h
[254,000/1,959,707] win 2.3/s | overall 2.3/s | bad=0 | ETA 209.9h
[256,000/1,959,707] win 2.2/s | overall 2.3/s | bad=0 | ETA 209.7h
[258,000/1,959,707] win 2.2/s | overall 2.3/s | bad=0 | ETA 209.5h
[260,000/1,959,707] win 2.2/s | overall 2.3/s | bad=0 | ETA 209.3h
[262,000/1,959,707] win 2.2/s | overall 2.3/s | bad=0 | ETA 209.1h
[264,000/1,959,707] win 2.2/s | overall 2.3/s | bad=1 | ETA 208.8h
[266,000/1,959,707] win 2.2/s | overall 2.3/s | bad=0 | ETA 208.6h
[268,000/1,959,707] win 2.2/s | overall 2.3/s | bad=0 | ETA 208.4h
[270,000/1,959,707] win 2.2/s | overall 2.3/s | bad=1 | ETA 208.2h
[272,000/1,959,707] win 2.2/s | overall 2.3/s | bad=0 | ETA 208.0h
[274,000/1,959,707] win 2.2/s | overall 2.3/s | bad=0 | ETA 207.8h
[276,000/1,959,707] win 2.2/s | overall 2.3/s | bad=0 | ETA 207.6h
[278,000/1,959,707] win 2.2/s | overall 2.3/s | bad=0 | ETA 207.4h
[280,000/1,959,707] win 2.3/s | overall 2.3/s | bad=0 | ETA 207.1h
[282,000/1,959,707] win 2.2/s | overall 2.3/s | bad=0 | ETA 206.9h
[284,000/1,959,707] win 2.2/s | overall 2.3/s | bad=0 | ETA 206.7h
[286,000/1,959,707] win 2.1/s | overall 2.3/s | bad=2 | ETA 206.6h
[288,000/1,959,707] win 2.2/s | overall 2.3/s | bad=0 | ETA 206.3h
[290,000/1,959,707] win 2.3/s | overall 2.3/s | bad=0 | ETA 206.1h
[292,000/1,959,707] win 2.3/s | overall 2.3/s | bad=1 | ETA 205.8h
[294,000/1,959,707] win 2.3/s | overall 2.3/s | bad=0 | ETA 205.6h
[296,000/1,959,707] win 2.2/s | overall 2.3/s | bad=2 | ETA 205.3h
[298,000/1,959,707] win 2.2/s | overall 2.2/s | bad=1 | ETA 205.2h
[300,000/1,959,707] win 2.2/s | overall 2.2/s | bad=1 | ETA 204.9h
[302,000/1,959,707] win 2.2/s | overall 2.2/s | bad=2 | ETA 204.7h
[304,000/1,959,707] win 2.2/s | overall 2.2/s | bad=0 | ETA 204.5h
[306,000/1,959,707] win 2.2/s | overall 2.2/s | bad=1 | ETA 204.3h
[308,000/1,959,707] win 2.2/s | overall 2.2/s | bad=0 | ETA 204.0h
[310,000/1,959,707] win 2.3/s | overall 2.2/s | bad=0 | ETA 203.8h
[312,000/1,959,707] win 2.3/s | overall 2.2/s | bad=0 | ETA 203.5h
[314,000/1,959,707] win 2.2/s | overall 2.2/s | bad=0 | ETA 203.3h
[316,000/1,959,707] win 2.2/s | overall 2.2/s | bad=2 | ETA 203.1h
[318,000/1,959,707] win 2.3/s | overall 2.2/s | bad=0 | ETA 202.8h
[320,000/1,959,707] win 2.3/s | overall 2.2/s | bad=0 | ETA 202.6h
[322,000/1,959,707] win 2.3/s | overall 2.2/s | bad=0 | ETA 202.3h
[324,000/1,959,707] win 2.3/s | overall 2.2/s | bad=0 | ETA 202.0h
[326,000/1,959,707] win 2.2/s | overall 2.2/s | bad=0 | ETA 201.8h
[328,000/1,959,707] win 2.3/s | overall 2.2/s | bad=1 | ETA 201.5h
[330,000/1,959,707] win 2.3/s | overall 2.2/s | bad=1 | ETA 201.2h
[332,000/1,959,707] win 2.3/s | overall 2.2/s | bad=2 | ETA 201.0h
[334,000/1,959,707] win 2.3/s | overall 2.2/s | bad=0 | ETA 200.7h
[336,000/1,959,707] win 2.3/s | overall 2.3/s | bad=1 | ETA 200.5h
[338,000/1,959,707] win 2.3/s | overall 2.3/s | bad=0 | ETA 200.2h
[340,000/1,959,707] win 2.3/s | overall 2.3/s | bad=0 | ETA 199.9h
[342,000/1,959,707] win 2.3/s | overall 2.3/s | bad=0 | ETA 199.7h
[344,000/1,959,707] win 2.3/s | overall 2.3/s | bad=0 | ETA 199.4h
[346,000/1,959,707] win 2.3/s | overall 2.3/s | bad=0 | ETA 199.1h
[348,000/1,959,707] win 2.3/s | overall 2.3/s | bad=0 | ETA 198.8h
[350,000/1,959,707] win 2.3/s | overall 2.3/s | bad=0 | ETA 198.5h
[352,000/1,959,707] win 2.3/s | overall 2.3/s | bad=0 | ETA 198.3h
[354,000/1,959,707] win 2.3/s | overall 2.3/s | bad=0 | ETA 198.0h
[356,000/1,959,707] win 2.3/s | overall 2.3/s | bad=0 | ETA 197.7h
[358,000/1,959,707] win 2.1/s | overall 2.3/s | bad=1 | ETA 197.5h
[360,000/1,959,707] win 2.1/s | overall 2.3/s | bad=1 | ETA 197.3h
[362,000/1,959,707] win 2.2/s | overall 2.3/s | bad=0 | ETA 197.1h
[364,000/1,959,707] win 2.2/s | overall 2.3/s | bad=0 | ETA 196.9h
[366,000/1,959,707] win 2.2/s | overall 2.3/s | bad=1 | ETA 196.7h
[368,000/1,959,707] win 2.2/s | overall 2.3/s | bad=1 | ETA 196.5h
[370,000/1,959,707] win 2.2/s | overall 2.2/s | bad=0 | ETA 196.3h
[372,000/1,959,707] win 2.3/s | overall 2.3/s | bad=1 | ETA 196.0h
[374,000/1,959,707] win 2.2/s | overall 2.2/s | bad=0 | ETA 195.8h
[376,000/1,959,707] win 2.2/s | overall 2.2/s | bad=1 | ETA 195.6h
[378,000/1,959,707] win 2.2/s | overall 2.2/s | bad=0 | ETA 195.3h
[380,000/1,959,707] win 2.2/s | overall 2.2/s | bad=0 | ETA 195.1h
[382,000/1,959,707] win 2.2/s | overall 2.2/s | bad=0 | ETA 194.9h
[384,000/1,959,707] win 2.3/s | overall 2.2/s | bad=0 | ETA 194.7h
[386,000/1,959,707] win 2.3/s | overall 2.2/s | bad=0 | ETA 194.4h
[388,000/1,959,707] win 2.2/s | overall 2.2/s | bad=0 | ETA 194.2h
[390,000/1,959,707] win 2.2/s | overall 2.2/s | bad=0 | ETA 194.0h
[392,000/1,959,707] win 2.2/s | overall 2.2/s | bad=1 | ETA 193.8h
[394,000/1,959,707] win 2.1/s | overall 2.2/s | bad=0 | ETA 193.6h
[396,000/1,959,707] win 2.2/s | overall 2.2/s | bad=1 | ETA 193.4h
[398,000/1,959,707] win 2.1/s | overall 2.2/s | bad=0 | ETA 193.2h
[400,000/1,959,707] win 2.2/s | overall 2.2/s | bad=0 | ETA 193.0h
[402,000/1,959,707] win 2.1/s | overall 2.2/s | bad=0 | ETA 192.8h
[404,000/1,959,707] win 2.1/s | overall 2.2/s | bad=1 | ETA 192.6h
[406,000/1,959,707] win 2.2/s | overall 2.2/s | bad=2 | ETA 192.3h
[408,000/1,959,707] win 2.2/s | overall 2.2/s | bad=1 | ETA 192.1h
[410,000/1,959,707] win 2.2/s | overall 2.2/s | bad=1 | ETA 191.9h
[412,000/1,959,707] win 2.2/s | overall 2.2/s | bad=0 | ETA 191.6h
[414,000/1,959,707] win 2.2/s | overall 2.2/s | bad=1 | ETA 191.4h
[416,000/1,959,707] win 2.2/s | overall 2.2/s | bad=0 | ETA 191.2h
[418,000/1,959,707] win 2.2/s | overall 2.2/s | bad=2 | ETA 190.9h
[420,000/1,959,707] win 2.2/s | overall 2.2/s | bad=0 | ETA 190.7h
[422,000/1,959,707] win 2.3/s | overall 2.2/s | bad=0 | ETA 190.4h
[424,000/1,959,707] win 2.2/s | overall 2.2/s | bad=0 | ETA 190.2h
[426,000/1,959,707] win 2.2/s | overall 2.2/s | bad=0 | ETA 190.0h
[428,000/1,959,707] win 2.2/s | overall 2.2/s | bad=0 | ETA 189.8h
[430,000/1,959,707] win 2.2/s | overall 2.2/s | bad=1 | ETA 189.5h
[432,000/1,959,707] win 2.2/s | overall 2.2/s | bad=0 | ETA 189.3h
[434,000/1,959,707] win 2.2/s | overall 2.2/s | bad=0 | ETA 189.1h
[436,000/1,959,707] win 2.2/s | overall 2.2/s | bad=0 | ETA 188.9h
[438,000/1,959,707] win 2.3/s | overall 2.2/s | bad=0 | ETA 188.6h
[440,000/1,959,707] win 2.3/s | overall 2.2/s | bad=0 | ETA 188.3h
[442,000/1,959,707] win 2.3/s | overall 2.2/s | bad=0 | ETA 188.1h
[444,000/1,959,707] win 2.3/s | overall 2.2/s | bad=1 | ETA 187.8h
[446,000/1,959,707] win 2.2/s | overall 2.2/s | bad=0 | ETA 187.6h
[448,000/1,959,707] win 2.3/s | overall 2.2/s | bad=0 | ETA 187.3h
[450,000/1,959,707] win 2.3/s | overall 2.2/s | bad=0 | ETA 187.1h
[452,000/1,959,707] win 2.3/s | overall 2.2/s | bad=0 | ETA 186.8h
[454,000/1,959,707] win 2.3/s | overall 2.2/s | bad=1 | ETA 186.5h
[456,000/1,959,707] win 2.4/s | overall 2.2/s | bad=0 | ETA 186.2h
[458,000/1,959,707] win 2.5/s | overall 2.2/s | bad=0 | ETA 185.9h
[460,000/1,959,707] win 2.3/s | overall 2.2/s | bad=0 | ETA 185.6h
[462,000/1,959,707] win 2.2/s | overall 2.2/s | bad=1 | ETA 185.4h
[464,000/1,959,707] win 2.2/s | overall 2.2/s | bad=1 | ETA 185.2h
[466,000/1,959,707] win 2.2/s | overall 2.2/s | bad=1 | ETA 184.9h
[468,000/1,959,707] win 2.2/s | overall 2.2/s | bad=2 | ETA 184.7h
[470,000/1,959,707] win 2.2/s | overall 2.2/s | bad=1 | ETA 184.4h
[472,000/1,959,707] win 2.3/s | overall 2.2/s | bad=0 | ETA 184.2h
[474,000/1,959,707] win 2.3/s | overall 2.2/s | bad=0 | ETA 183.9h
[476,000/1,959,707] win 2.3/s | overall 2.2/s | bad=0 | ETA 183.7h
[478,000/1,959,707] win 2.2/s | overall 2.2/s | bad=0 | ETA 183.4h
[480,000/1,959,707] win 2.3/s | overall 2.2/s | bad=0 | ETA 183.2h
[482,000/1,959,707] win 2.2/s | overall 2.2/s | bad=1 | ETA 182.9h
[484,000/1,959,707] win 2.2/s | overall 2.2/s | bad=0 | ETA 182.7h
[486,000/1,959,707] win 2.3/s | overall 2.2/s | bad=0 | ETA 182.4h
[488,000/1,959,707] win 2.2/s | overall 2.2/s | bad=1 | ETA 182.2h
[490,000/1,959,707] win 2.2/s | overall 2.2/s | bad=0 | ETA 181.9h
[492,000/1,959,707] win 2.2/s | overall 2.2/s | bad=0 | ETA 181.7h
[494,000/1,959,707] win 2.2/s | overall 2.2/s | bad=0 | ETA 181.5h
[496,000/1,959,707] win 2.2/s | overall 2.2/s | bad=0 | ETA 181.2h
[498,000/1,959,707] win 2.3/s | overall 2.2/s | bad=0 | ETA 181.0h
[500,000/1,959,707] win 2.2/s | overall 2.2/s | bad=0 | ETA 180.7h
[502,000/1,959,707] win 2.2/s | overall 2.2/s | bad=1 | ETA 180.5h
[504,000/1,959,707] win 2.2/s | overall 2.2/s | bad=1 | ETA 180.3h
[506,000/1,959,707] win 2.2/s | overall 2.2/s | bad=0 | ETA 180.0h
[508,000/1,959,707] win 2.3/s | overall 2.2/s | bad=1 | ETA 179.7h
[510,000/1,959,707] win 2.3/s | overall 2.2/s | bad=0 | ETA 179.5h
[512,000/1,959,707] win 2.3/s | overall 2.2/s | bad=0 | ETA 179.2h
[514,000/1,959,707] win 2.2/s | overall 2.2/s | bad=2 | ETA 179.0h
[516,000/1,959,707] win 2.2/s | overall 2.2/s | bad=1 | ETA 178.8h
[518,000/1,959,707] win 2.2/s | overall 2.2/s | bad=1 | ETA 178.5h
[520,000/1,959,707] win 2.2/s | overall 2.2/s | bad=2 | ETA 178.3h
[522,000/1,959,707] win 2.2/s | overall 2.2/s | bad=0 | ETA 178.0h
[524,000/1,959,707] win 2.2/s | overall 2.2/s | bad=1 | ETA 177.8h
[526,000/1,959,707] win 2.2/s | overall 2.2/s | bad=0 | ETA 177.6h
[528,000/1,959,707] win 2.3/s | overall 2.2/s | bad=0 | ETA 177.3h
[530,000/1,959,707] win 2.2/s | overall 2.2/s | bad=0 | ETA 177.1h
[532,000/1,959,707] win 2.2/s | overall 2.2/s | bad=0 | ETA 176.8h
[534,000/1,959,707] win 2.2/s | overall 2.2/s | bad=2 | ETA 176.6h
[536,000/1,959,707] win 2.3/s | overall 2.2/s | bad=0 | ETA 176.3h
[538,000/1,959,707] win 2.3/s | overall 2.2/s | bad=0 | ETA 176.1h
[540,000/1,959,707] win 2.3/s | overall 2.2/s | bad=0 | ETA 175.8h
[542,000/1,959,707] win 2.3/s | overall 2.2/s | bad=0 | ETA 175.5h
[544,000/1,959,707] win 2.2/s | overall 2.2/s | bad=0 | ETA 175.3h
[546,000/1,959,707] win 2.3/s | overall 2.2/s | bad=1 | ETA 175.0h
[548,000/1,959,707] win 2.3/s | overall 2.2/s | bad=1 | ETA 174.8h
[550,000/1,959,707] win 2.3/s | overall 2.2/s | bad=2 | ETA 174.5h
[552,000/1,959,707] win 2.3/s | overall 2.2/s | bad=1 | ETA 174.3h
[554,000/1,959,707] win 2.3/s | overall 2.2/s | bad=0 | ETA 174.0h
[556,000/1,959,707] win 2.3/s | overall 2.2/s | bad=0 | ETA 173.7h
[558,000/1,959,707] win 2.3/s | overall 2.2/s | bad=0 | ETA 173.5h
[560,000/1,959,707] win 2.3/s | overall 2.2/s | bad=0 | ETA 173.2h
[562,000/1,959,707] win 2.3/s | overall 2.2/s | bad=0 | ETA 172.9h
[564,000/1,959,707] win 2.3/s | overall 2.2/s | bad=0 | ETA 172.7h
[566,000/1,959,707] win 2.3/s | overall 2.2/s | bad=0 | ETA 172.4h
[568,000/1,959,707] win 2.3/s | overall 2.2/s | bad=0 | ETA 172.1h
[570,000/1,959,707] win 2.3/s | overall 2.2/s | bad=0 | ETA 171.9h
[572,000/1,959,707] win 2.3/s | overall 2.2/s | bad=0 | ETA 171.6h
[574,000/1,959,707] win 2.3/s | overall 2.2/s | bad=0 | ETA 171.3h
[576,000/1,959,707] win 2.2/s | overall 2.2/s | bad=1 | ETA 171.1h
[578,000/1,959,707] win 2.2/s | overall 2.2/s | bad=1 | ETA 170.9h
[580,000/1,959,707] win 2.2/s | overall 2.2/s | bad=0 | ETA 170.7h
[582,000/1,959,707] win 2.2/s | overall 2.2/s | bad=0 | ETA 170.4h
[584,000/1,959,707] win 2.2/s | overall 2.2/s | bad=1 | ETA 170.2h
[586,000/1,959,707] win 2.2/s | overall 2.2/s | bad=1 | ETA 169.9h
[588,000/1,959,707] win 2.2/s | overall 2.2/s | bad=0 | ETA 169.7h
[590,000/1,959,707] win 2.3/s | overall 2.2/s | bad=1 | ETA 169.4h
[592,000/1,959,707] win 2.2/s | overall 2.2/s | bad=1 | ETA 169.2h
[594,000/1,959,707] win 2.2/s | overall 2.2/s | bad=0 | ETA 169.0h
[596,000/1,959,707] win 2.2/s | overall 2.2/s | bad=0 | ETA 168.7h
[598,000/1,959,707] win 2.2/s | overall 2.2/s | bad=0 | ETA 168.5h
[600,000/1,959,707] win 2.2/s | overall 2.2/s | bad=0 | ETA 168.2h
[602,000/1,959,707] win 2.3/s | overall 2.2/s | bad=0 | ETA 168.0h
[604,000/1,959,707] win 2.3/s | overall 2.2/s | bad=0 | ETA 167.7h
[606,000/1,959,707] win 2.2/s | overall 2.2/s | bad=0 | ETA 167.5h
[608,000/1,959,707] win 2.2/s | overall 2.2/s | bad=0 | ETA 167.2h
[610,000/1,959,707] win 2.2/s | overall 2.2/s | bad=1 | ETA 167.0h
[612,000/1,959,707] win 2.2/s | overall 2.2/s | bad=1 | ETA 166.8h
[614,000/1,959,707] win 2.2/s | overall 2.2/s | bad=0 | ETA 166.6h
[616,000/1,959,707] win 2.2/s | overall 2.2/s | bad=0 | ETA 166.3h
[618,000/1,959,707] win 2.1/s | overall 2.2/s | bad=0 | ETA 166.1h
[620,000/1,959,707] win 2.1/s | overall 2.2/s | bad=0 | ETA 165.9h
[622,000/1,959,707] win 2.2/s | overall 2.2/s | bad=1 | ETA 165.7h
[624,000/1,959,707] win 2.3/s | overall 2.2/s | bad=2 | ETA 165.4h
[626,000/1,959,707] win 2.3/s | overall 2.2/s | bad=1 | ETA 165.2h
[628,000/1,959,707] win 2.2/s | overall 2.2/s | bad=1 | ETA 164.9h
[630,000/1,959,707] win 2.2/s | overall 2.2/s | bad=0 | ETA 164.7h
[632,000/1,959,707] win 2.3/s | overall 2.2/s | bad=1 | ETA 164.4h
[634,000/1,959,707] win 2.3/s | overall 2.2/s | bad=0 | ETA 164.2h
[636,000/1,959,707] win 2.2/s | overall 2.2/s | bad=2 | ETA 163.9h
[638,000/1,959,707] win 2.3/s | overall 2.2/s | bad=0 | ETA 163.7h
[640,000/1,959,707] win 2.3/s | overall 2.2/s | bad=0 | ETA 163.4h
[642,000/1,959,707] win 2.2/s | overall 2.2/s | bad=0 | ETA 163.2h
[644,000/1,959,707] win 2.2/s | overall 2.2/s | bad=0 | ETA 163.0h
[646,000/1,959,707] win 2.2/s | overall 2.2/s | bad=0 | ETA 162.7h
[648,000/1,959,707] win 2.2/s | overall 2.2/s | bad=1 | ETA 162.5h
[650,000/1,959,707] win 2.2/s | overall 2.2/s | bad=0 | ETA 162.3h
[652,000/1,959,707] win 2.2/s | overall 2.2/s | bad=0 | ETA 162.0h
[654,000/1,959,707] win 2.2/s | overall 2.2/s | bad=0 | ETA 161.8h
[656,000/1,959,707] win 2.2/s | overall 2.2/s | bad=0 | ETA 161.5h
[658,000/1,959,707] win 2.3/s | overall 2.2/s | bad=0 | ETA 161.3h
[660,000/1,959,707] win 2.3/s | overall 2.2/s | bad=0 | ETA 161.0h
[662,000/1,959,707] win 2.2/s | overall 2.2/s | bad=1 | ETA 160.8h
[664,000/1,959,707] win 2.2/s | overall 2.2/s | bad=0 | ETA 160.5h
[666,000/1,959,707] win 2.2/s | overall 2.2/s | bad=0 | ETA 160.3h
[668,000/1,959,707] win 2.3/s | overall 2.2/s | bad=0 | ETA 160.1h
[670,000/1,959,707] win 2.3/s | overall 2.2/s | bad=0 | ETA 159.8h
[672,000/1,959,707] win 2.3/s | overall 2.2/s | bad=1 | ETA 159.5h
[674,000/1,959,707] win 2.4/s | overall 2.2/s | bad=0 | ETA 159.3h
[676,000/1,959,707] win 2.4/s | overall 2.2/s | bad=0 | ETA 159.0h
[678,000/1,959,707] win 2.2/s | overall 2.2/s | bad=1 | ETA 158.8h
[680,000/1,959,707] win 2.2/s | overall 2.2/s | bad=0 | ETA 158.5h
[682,000/1,959,707] win 2.2/s | overall 2.2/s | bad=2 | ETA 158.3h
[684,000/1,959,707] win 2.2/s | overall 2.2/s | bad=0 | ETA 158.0h
[686,000/1,959,707] win 2.2/s | overall 2.2/s | bad=2 | ETA 157.8h
[688,000/1,959,707] win 2.3/s | overall 2.2/s | bad=1 | ETA 157.5h
[690,000/1,959,707] win 2.3/s | overall 2.2/s | bad=0 | ETA 157.3h
[692,000/1,959,707] win 2.2/s | overall 2.2/s | bad=0 | ETA 157.0h
[694,000/1,959,707] win 2.2/s | overall 2.2/s | bad=0 | ETA 156.8h
[696,000/1,959,707] win 2.2/s | overall 2.2/s | bad=0 | ETA 156.6h
[698,000/1,959,707] win 2.2/s | overall 2.2/s | bad=0 | ETA 156.3h
[700,000/1,959,707] win 2.2/s | overall 2.2/s | bad=1 | ETA 156.1h
[702,000/1,959,707] win 2.2/s | overall 2.2/s | bad=0 | ETA 155.8h
[704,000/1,959,707] win 2.2/s | overall 2.2/s | bad=1 | ETA 155.6h
[706,000/1,959,707] win 2.2/s | overall 2.2/s | bad=0 | ETA 155.3h
[708,000/1,959,707] win 2.2/s | overall 2.2/s | bad=0 | ETA 155.1h
[710,000/1,959,707] win 2.2/s | overall 2.2/s | bad=0 | ETA 154.8h
[712,000/1,959,707] win 2.2/s | overall 2.2/s | bad=0 | ETA 154.6h
[714,000/1,959,707] win 2.2/s | overall 2.2/s | bad=0 | ETA 154.4h
[716,000/1,959,707] win 2.2/s | overall 2.2/s | bad=0 | ETA 154.1h
[718,000/1,959,707] win 2.2/s | overall 2.2/s | bad=0 | ETA 153.9h
[720,000/1,959,707] win 2.2/s | overall 2.2/s | bad=1 | ETA 153.6h
[722,000/1,959,707] win 2.2/s | overall 2.2/s | bad=1 | ETA 153.4h
[724,000/1,959,707] win 2.2/s | overall 2.2/s | bad=0 | ETA 153.2h
[726,000/1,959,707] win 2.3/s | overall 2.2/s | bad=1 | ETA 152.9h
[728,000/1,959,707] win 2.3/s | overall 2.2/s | bad=0 | ETA 152.7h
[730,000/1,959,707] win 2.3/s | overall 2.2/s | bad=1 | ETA 152.4h
[732,000/1,959,707] win 2.2/s | overall 2.2/s | bad=1 | ETA 152.2h
[734,000/1,959,707] win 2.2/s | overall 2.2/s | bad=1 | ETA 151.9h
[736,000/1,959,707] win 2.2/s | overall 2.2/s | bad=1 | ETA 151.7h
[738,000/1,959,707] win 2.2/s | overall 2.2/s | bad=2 | ETA 151.4h
[740,000/1,959,707] win 2.2/s | overall 2.2/s | bad=0 | ETA 151.2h
[742,000/1,959,707] win 2.2/s | overall 2.2/s | bad=1 | ETA 150.9h
[744,000/1,959,707] win 2.2/s | overall 2.2/s | bad=0 | ETA 150.7h
[746,000/1,959,707] win 2.3/s | overall 2.2/s | bad=0 | ETA 150.5h
[748,000/1,959,707] win 2.2/s | overall 2.2/s | bad=0 | ETA 150.2h
[750,000/1,959,707] win 2.2/s | overall 2.2/s | bad=0 | ETA 150.0h
[752,000/1,959,707] win 2.2/s | overall 2.2/s | bad=2 | ETA 149.7h
[754,000/1,959,707] win 2.3/s | overall 2.2/s | bad=0 | ETA 149.5h
[756,000/1,959,707] win 2.3/s | overall 2.2/s | bad=0 | ETA 149.2h
[758,000/1,959,707] win 2.3/s | overall 2.2/s | bad=0 | ETA 148.9h
[760,000/1,959,707] win 2.3/s | overall 2.2/s | bad=0 | ETA 148.7h
[762,000/1,959,707] win 2.3/s | overall 2.2/s | bad=0 | ETA 148.4h
[764,000/1,959,707] win 2.3/s | overall 2.2/s | bad=1 | ETA 148.2h
[766,000/1,959,707] win 2.3/s | overall 2.2/s | bad=1 | ETA 147.9h
[768,000/1,959,707] win 2.3/s | overall 2.2/s | bad=2 | ETA 147.7h
[770,000/1,959,707] win 2.3/s | overall 2.2/s | bad=1 | ETA 147.4h
[772,000/1,959,707] win 2.3/s | overall 2.2/s | bad=0 | ETA 147.2h
[774,000/1,959,707] win 2.3/s | overall 2.2/s | bad=0 | ETA 146.9h
[776,000/1,959,707] win 2.3/s | overall 2.2/s | bad=0 | ETA 146.7h
[778,000/1,959,707] win 2.3/s | overall 2.2/s | bad=0 | ETA 146.4h
[780,000/1,959,707] win 2.3/s | overall 2.2/s | bad=0 | ETA 146.1h
[782,000/1,959,707] win 2.3/s | overall 2.2/s | bad=0 | ETA 145.9h
[784,000/1,959,707] win 2.3/s | overall 2.2/s | bad=0 | ETA 145.6h
[786,000/1,959,707] win 2.4/s | overall 2.2/s | bad=0 | ETA 145.3h
[788,000/1,959,707] win 2.3/s | overall 2.2/s | bad=0 | ETA 145.1h
[790,000/1,959,707] win 2.3/s | overall 2.2/s | bad=0 | ETA 144.8h
[792,000/1,959,707] win 2.3/s | overall 2.2/s | bad=1 | ETA 144.6h
[794,000/1,959,707] win 2.1/s | overall 2.2/s | bad=0 | ETA 144.3h
[796,000/1,959,707] win 2.2/s | overall 2.2/s | bad=1 | ETA 144.1h
[798,000/1,959,707] win 2.2/s | overall 2.2/s | bad=0 | ETA 143.9h
[800,000/1,959,707] win 2.2/s | overall 2.2/s | bad=0 | ETA 143.6h
[802,000/1,959,707] win 2.2/s | overall 2.2/s | bad=1 | ETA 143.4h
[804,000/1,959,707] win 2.2/s | overall 2.2/s | bad=1 | ETA 143.2h
[806,000/1,959,707] win 2.2/s | overall 2.2/s | bad=1 | ETA 142.9h
[808,000/1,959,707] win 2.3/s | overall 2.2/s | bad=0 | ETA 142.7h
[810,000/1,959,707] win 2.2/s | overall 2.2/s | bad=1 | ETA 142.4h
[812,000/1,959,707] win 2.2/s | overall 2.2/s | bad=0 | ETA 142.2h
[814,000/1,959,707] win 2.2/s | overall 2.2/s | bad=0 | ETA 141.9h
[816,000/1,959,707] win 2.2/s | overall 2.2/s | bad=0 | ETA 141.7h
[818,000/1,959,707] win 2.2/s | overall 2.2/s | bad=0 | ETA 141.4h
[820,000/1,959,707] win 2.3/s | overall 2.2/s | bad=0 | ETA 141.2h
[822,000/1,959,707] win 2.3/s | overall 2.2/s | bad=0 | ETA 140.9h
[824,000/1,959,707] win 2.2/s | overall 2.2/s | bad=0 | ETA 140.7h
[826,000/1,959,707] win 2.2/s | overall 2.2/s | bad=0 | ETA 140.5h
[828,000/1,959,707] win 2.2/s | overall 2.2/s | bad=1 | ETA 140.2h
[830,000/1,959,707] win 2.1/s | overall 2.2/s | bad=1 | ETA 140.0h
[832,000/1,959,707] win 2.1/s | overall 2.2/s | bad=0 | ETA 139.8h
[834,000/1,959,707] win 2.2/s | overall 2.2/s | bad=0 | ETA 139.5h
[836,000/1,959,707] win 2.2/s | overall 2.2/s | bad=0 | ETA 139.3h
[838,000/1,959,707] win 2.1/s | overall 2.2/s | bad=0 | ETA 139.1h
[840,000/1,959,707] win 2.2/s | overall 2.2/s | bad=1 | ETA 138.8h
[842,000/1,959,707] win 2.2/s | overall 2.2/s | bad=2 | ETA 138.6h
[844,000/1,959,707] win 2.2/s | overall 2.2/s | bad=1 | ETA 138.3h
[846,000/1,959,707] win 2.2/s | overall 2.2/s | bad=1 | ETA 138.1h
[848,000/1,959,707] win 2.2/s | overall 2.2/s | bad=1 | ETA 137.9h
[850,000/1,959,707] win 2.2/s | overall 2.2/s | bad=0 | ETA 137.6h
[852,000/1,959,707] win 2.3/s | overall 2.2/s | bad=0 | ETA 137.4h
[854,000/1,959,707] win 2.2/s | overall 2.2/s | bad=2 | ETA 137.1h
[856,000/1,959,707] win 2.3/s | overall 2.2/s | bad=0 | ETA 136.9h
[858,000/1,959,707] win 2.3/s | overall 2.2/s | bad=0 | ETA 136.6h
[860,000/1,959,707] win 2.2/s | overall 2.2/s | bad=0 | ETA 136.4h
[862,000/1,959,707] win 2.2/s | overall 2.2/s | bad=0 | ETA 136.1h
[864,000/1,959,707] win 2.2/s | overall 2.2/s | bad=1 | ETA 135.9h
[866,000/1,959,707] win 2.2/s | overall 2.2/s | bad=0 | ETA 135.6h
[868,000/1,959,707] win 2.2/s | overall 2.2/s | bad=0 | ETA 135.4h
[870,000/1,959,707] win 2.2/s | overall 2.2/s | bad=0 | ETA 135.2h
[872,000/1,959,707] win 2.2/s | overall 2.2/s | bad=0 | ETA 134.9h
[874,000/1,959,707] win 2.2/s | overall 2.2/s | bad=0 | ETA 134.7h
[876,000/1,959,707] win 2.3/s | overall 2.2/s | bad=0 | ETA 134.4h
[878,000/1,959,707] win 2.3/s | overall 2.2/s | bad=0 | ETA 134.2h
[880,000/1,959,707] win 2.2/s | overall 2.2/s | bad=1 | ETA 133.9h
[882,000/1,959,707] win 2.1/s | overall 2.2/s | bad=0 | ETA 133.7h
[884,000/1,959,707] win 2.2/s | overall 2.2/s | bad=0 | ETA 133.5h
[886,000/1,959,707] win 2.3/s | overall 2.2/s | bad=0 | ETA 133.2h
[888,000/1,959,707] win 2.2/s | overall 2.2/s | bad=1 | ETA 133.0h
[890,000/1,959,707] win 2.3/s | overall 2.2/s | bad=0 | ETA 132.7h
[892,000/1,959,707] win 2.4/s | overall 2.2/s | bad=0 | ETA 132.4h
[894,000/1,959,707] win 2.4/s | overall 2.2/s | bad=0 | ETA 132.2h
[896,000/1,959,707] win 2.2/s | overall 2.2/s | bad=1 | ETA 131.9h
[898,000/1,959,707] win 2.2/s | overall 2.2/s | bad=0 | ETA 131.7h
[900,000/1,959,707] win 2.2/s | overall 2.2/s | bad=2 | ETA 131.4h
[902,000/1,959,707] win 2.2/s | overall 2.2/s | bad=0 | ETA 131.2h
[904,000/1,959,707] win 2.2/s | overall 2.2/s | bad=3 | ETA 131.0h
[906,000/1,959,707] win 2.2/s | overall 2.2/s | bad=0 | ETA 130.7h
[908,000/1,959,707] win 2.2/s | overall 2.2/s | bad=0 | ETA 130.5h
[910,000/1,959,707] win 2.2/s | overall 2.2/s | bad=0 | ETA 130.2h
[912,000/1,959,707] win 2.2/s | overall 2.2/s | bad=0 | ETA 130.0h
[914,000/1,959,707] win 2.2/s | overall 2.2/s | bad=0 | ETA 129.7h
[916,000/1,959,707] win 2.2/s | overall 2.2/s | bad=0 | ETA 129.5h
[918,000/1,959,707] win 2.2/s | overall 2.2/s | bad=1 | ETA 129.3h
[920,000/1,959,707] win 2.2/s | overall 2.2/s | bad=0 | ETA 129.0h
[922,000/1,959,707] win 2.2/s | overall 2.2/s | bad=1 | ETA 128.8h
[924,000/1,959,707] win 2.2/s | overall 2.2/s | bad=0 | ETA 128.5h
[926,000/1,959,707] win 2.2/s | overall 2.2/s | bad=0 | ETA 128.3h
[928,000/1,959,707] win 2.2/s | overall 2.2/s | bad=0 | ETA 128.0h
[930,000/1,959,707] win 2.2/s | overall 2.2/s | bad=0 | ETA 127.8h
[932,000/1,959,707] win 2.2/s | overall 2.2/s | bad=0 | ETA 127.6h
[934,000/1,959,707] win 2.2/s | overall 2.2/s | bad=0 | ETA 127.3h
[936,000/1,959,707] win 2.2/s | overall 2.2/s | bad=0 | ETA 127.1h
[938,000/1,959,707] win 2.1/s | overall 2.2/s | bad=1 | ETA 126.8h
[940,000/1,959,707] win 2.2/s | overall 2.2/s | bad=1 | ETA 126.6h
[942,000/1,959,707] win 2.2/s | overall 2.2/s | bad=0 | ETA 126.4h
[944,000/1,959,707] win 2.3/s | overall 2.2/s | bad=1 | ETA 126.1h
[946,000/1,959,707] win 2.2/s | overall 2.2/s | bad=0 | ETA 125.9h
[948,000/1,959,707] win 2.2/s | overall 2.2/s | bad=1 | ETA 125.6h
[950,000/1,959,707] win 2.2/s | overall 2.2/s | bad=2 | ETA 125.4h
[952,000/1,959,707] win 2.2/s | overall 2.2/s | bad=0 | ETA 125.1h
[954,000/1,959,707] win 2.2/s | overall 2.2/s | bad=1 | ETA 124.9h
[956,000/1,959,707] win 2.2/s | overall 2.2/s | bad=2 | ETA 124.6h
[958,000/1,959,707] win 2.2/s | overall 2.2/s | bad=0 | ETA 124.4h
[960,000/1,959,707] win 2.2/s | overall 2.2/s | bad=1 | ETA 124.2h
[962,000/1,959,707] win 2.2/s | overall 2.2/s | bad=0 | ETA 123.9h
[964,000/1,959,707] win 2.2/s | overall 2.2/s | bad=0 | ETA 123.7h
[966,000/1,959,707] win 2.2/s | overall 2.2/s | bad=0 | ETA 123.4h
[968,000/1,959,707] win 2.2/s | overall 2.2/s | bad=0 | ETA 123.2h
[970,000/1,959,707] win 2.2/s | overall 2.2/s | bad=2 | ETA 122.9h
[972,000/1,959,707] win 2.2/s | overall 2.2/s | bad=0 | ETA 122.7h
[974,000/1,959,707] win 2.2/s | overall 2.2/s | bad=0 | ETA 122.4h
[976,000/1,959,707] win 2.3/s | overall 2.2/s | bad=0 | ETA 122.2h
[978,000/1,959,707] win 2.2/s | overall 2.2/s | bad=0 | ETA 121.9h
[980,000/1,959,707] win 2.3/s | overall 2.2/s | bad=0 | ETA 121.7h
[982,000/1,959,707] win 2.3/s | overall 2.2/s | bad=2 | ETA 121.4h
[984,000/1,959,707] win 2.3/s | overall 2.2/s | bad=1 | ETA 121.2h
[986,000/1,959,707] win 2.2/s | overall 2.2/s | bad=2 | ETA 120.9h
[988,000/1,959,707] win 2.3/s | overall 2.2/s | bad=1 | ETA 120.7h
[990,000/1,959,707] win 2.3/s | overall 2.2/s | bad=0 | ETA 120.4h
[992,000/1,959,707] win 2.3/s | overall 2.2/s | bad=0 | ETA 120.2h
[994,000/1,959,707] win 2.3/s | overall 2.2/s | bad=0 | ETA 119.9h
[996,000/1,959,707] win 2.3/s | overall 2.2/s | bad=0 | ETA 119.7h
[998,000/1,959,707] win 2.3/s | overall 2.2/s | bad=0 | ETA 119.4h
[1,000,000/1,959,707] win 2.3/s | overall 2.2/s | bad=0 | ETA 119.1h
[1,002,000/1,959,707] win 2.3/s | overall 2.2/s | bad=0 | ETA 118.9h
[1,004,000/1,959,707] win 2.3/s | overall 2.2/s | bad=0 | ETA 118.6h
[1,006,000/1,959,707] win 2.2/s | overall 2.2/s | bad=0 | ETA 118.4h
[1,008,000/1,959,707] win 2.3/s | overall 2.2/s | bad=0 | ETA 118.1h
[1,010,000/1,959,707] win 2.2/s | overall 2.2/s | bad=1 | ETA 117.9h
[1,012,000/1,959,707] win 2.1/s | overall 2.2/s | bad=0 | ETA 117.6h
[1,014,000/1,959,707] win 2.2/s | overall 2.2/s | bad=1 | ETA 117.4h
[1,016,000/1,959,707] win 2.2/s | overall 2.2/s | bad=0 | ETA 117.2h
[1,018,000/1,959,707] win 2.2/s | overall 2.2/s | bad=0 | ETA 116.9h
[1,020,000/1,959,707] win 2.2/s | overall 2.2/s | bad=2 | ETA 116.7h
[1,022,000/1,959,707] win 2.2/s | overall 2.2/s | bad=0 | ETA 116.4h
[1,024,000/1,959,707] win 2.2/s | overall 2.2/s | bad=1 | ETA 116.2h
[1,026,000/1,959,707] win 2.3/s | overall 2.2/s | bad=0 | ETA 115.9h
[1,028,000/1,959,707] win 2.2/s | overall 2.2/s | bad=1 | ETA 115.7h
[1,030,000/1,959,707] win 2.2/s | overall 2.2/s | bad=0 | ETA 115.5h
[1,032,000/1,959,707] win 2.2/s | overall 2.2/s | bad=0 | ETA 115.2h
[1,034,000/1,959,707] win 2.2/s | overall 2.2/s | bad=0 | ETA 115.0h
[1,036,000/1,959,707] win 2.2/s | overall 2.2/s | bad=0 | ETA 114.7h
[1,038,000/1,959,707] win 2.3/s | overall 2.2/s | bad=0 | ETA 114.5h
[1,040,000/1,959,707] win 2.2/s | overall 2.2/s | bad=0 | ETA 114.2h
[1,042,000/1,959,707] win 2.2/s | overall 2.2/s | bad=0 | ETA 114.0h
[1,044,000/1,959,707] win 2.2/s | overall 2.2/s | bad=0 | ETA 113.7h
[1,046,000/1,959,707] win 2.1/s | overall 2.2/s | bad=1 | ETA 113.5h
[1,048,000/1,959,707] win 2.1/s | overall 2.2/s | bad=1 | ETA 113.3h
[1,050,000/1,959,707] win 2.1/s | overall 2.2/s | bad=0 | ETA 113.0h
[1,052,000/1,959,707] win 2.1/s | overall 2.2/s | bad=0 | ETA 112.8h
[1,054,000/1,959,707] win 2.1/s | overall 2.2/s | bad=0 | ETA 112.6h
[1,056,000/1,959,707] win 2.1/s | overall 2.2/s | bad=0 | ETA 112.3h
[1,058,000/1,959,707] win 2.2/s | overall 2.2/s | bad=1 | ETA 112.1h
[1,060,000/1,959,707] win 2.2/s | overall 2.2/s | bad=2 | ETA 111.8h
[1,062,000/1,959,707] win 2.2/s | overall 2.2/s | bad=1 | ETA 111.6h
[1,064,000/1,959,707] win 2.2/s | overall 2.2/s | bad=1 | ETA 111.4h
[1,066,000/1,959,707] win 2.2/s | overall 2.2/s | bad=1 | ETA 111.1h
[1,068,000/1,959,707] win 2.2/s | overall 2.2/s | bad=0 | ETA 110.9h
[1,070,000/1,959,707] win 2.2/s | overall 2.2/s | bad=0 | ETA 110.6h
[1,072,000/1,959,707] win 2.2/s | overall 2.2/s | bad=2 | ETA 110.4h
[1,074,000/1,959,707] win 2.2/s | overall 2.2/s | bad=0 | ETA 110.1h
[1,076,000/1,959,707] win 2.3/s | overall 2.2/s | bad=0 | ETA 109.9h
[1,078,000/1,959,707] win 2.2/s | overall 2.2/s | bad=0 | ETA 109.6h
[1,080,000/1,959,707] win 2.2/s | overall 2.2/s | bad=0 | ETA 109.4h
[1,082,000/1,959,707] win 2.2/s | overall 2.2/s | bad=1 | ETA 109.1h
[1,084,000/1,959,707] win 2.2/s | overall 2.2/s | bad=0 | ETA 108.9h
[1,086,000/1,959,707] win 2.2/s | overall 2.2/s | bad=0 | ETA 108.7h
[1,088,000/1,959,707] win 2.2/s | overall 2.2/s | bad=0 | ETA 108.4h
[1,090,000/1,959,707] win 2.2/s | overall 2.2/s | bad=0 | ETA 108.2h
[1,092,000/1,959,707] win 2.3/s | overall 2.2/s | bad=0 | ETA 107.9h
[1,094,000/1,959,707] win 2.4/s | overall 2.2/s | bad=0 | ETA 107.7h
[1,096,000/1,959,707] win 2.3/s | overall 2.2/s | bad=0 | ETA 107.4h
[1,098,000/1,959,707] win 2.2/s | overall 2.2/s | bad=1 | ETA 107.2h
[1,100,000/1,959,707] win 2.2/s | overall 2.2/s | bad=0 | ETA 106.9h
[1,102,000/1,959,707] win 2.2/s | overall 2.2/s | bad=0 | ETA 106.7h
[1,104,000/1,959,707] win 2.3/s | overall 2.2/s | bad=0 | ETA 106.4h
[1,106,000/1,959,707] win 2.3/s | overall 2.2/s | bad=1 | ETA 106.1h
[1,108,000/1,959,707] win 2.3/s | overall 2.2/s | bad=0 | ETA 105.9h
[1,110,000/1,959,707] win 2.4/s | overall 2.2/s | bad=0 | ETA 105.6h
[1,112,000/1,959,707] win 2.5/s | overall 2.2/s | bad=0 | ETA 105.4h
[1,114,000/1,959,707] win 2.2/s | overall 2.2/s | bad=1 | ETA 105.1h
[1,116,000/1,959,707] win 2.2/s | overall 2.2/s | bad=0 | ETA 104.9h
[1,118,000/1,959,707] win 2.2/s | overall 2.2/s | bad=2 | ETA 104.6h
[1,120,000/1,959,707] win 2.2/s | overall 2.2/s | bad=0 | ETA 104.4h
[1,122,000/1,959,707] win 2.2/s | overall 2.2/s | bad=3 | ETA 104.1h
[1,124,000/1,959,707] win 2.3/s | overall 2.2/s | bad=0 | ETA 103.9h
[1,126,000/1,959,707] win 2.3/s | overall 2.2/s | bad=0 | ETA 103.6h
[1,128,000/1,959,707] win 2.2/s | overall 2.2/s | bad=0 | ETA 103.4h
[1,130,000/1,959,707] win 2.2/s | overall 2.2/s | bad=0 | ETA 103.1h
[1,132,000/1,959,707] win 2.2/s | overall 2.2/s | bad=0 | ETA 102.9h
[1,134,000/1,959,707] win 2.2/s | overall 2.2/s | bad=0 | ETA 102.6h
[1,136,000/1,959,707] win 2.3/s | overall 2.2/s | bad=1 | ETA 102.4h
[1,138,000/1,959,707] win 2.2/s | overall 2.2/s | bad=0 | ETA 102.1h
[1,140,000/1,959,707] win 2.2/s | overall 2.2/s | bad=1 | ETA 101.9h
[1,142,000/1,959,707] win 2.2/s | overall 2.2/s | bad=0 | ETA 101.6h
[1,144,000/1,959,707] win 2.2/s | overall 2.2/s | bad=0 | ETA 101.4h
[1,146,000/1,959,707] win 2.2/s | overall 2.2/s | bad=0 | ETA 101.1h
[1,148,000/1,959,707] win 2.2/s | overall 2.2/s | bad=0 | ETA 100.9h
[1,150,000/1,959,707] win 2.2/s | overall 2.2/s | bad=0 | ETA 100.6h
[1,152,000/1,959,707] win 2.2/s | overall 2.2/s | bad=0 | ETA 100.4h
[1,154,000/1,959,707] win 2.2/s | overall 2.2/s | bad=0 | ETA 100.2h
[1,156,000/1,959,707] win 2.2/s | overall 2.2/s | bad=1 | ETA 99.9h
[1,158,000/1,959,707] win 2.2/s | overall 2.2/s | bad=1 | ETA 99.7h
[1,160,000/1,959,707] win 2.2/s | overall 2.2/s | bad=0 | ETA 99.4h
[1,162,000/1,959,707] win 2.3/s | overall 2.2/s | bad=1 | ETA 99.2h
[1,164,000/1,959,707] win 2.3/s | overall 2.2/s | bad=0 | ETA 98.9h
[1,166,000/1,959,707] win 2.3/s | overall 2.2/s | bad=1 | ETA 98.7h
[1,168,000/1,959,707] win 2.2/s | overall 2.2/s | bad=2 | ETA 98.4h
[1,170,000/1,959,707] win 2.2/s | overall 2.2/s | bad=0 | ETA 98.2h
[1,172,000/1,959,707] win 2.3/s | overall 2.2/s | bad=1 | ETA 97.9h
[1,174,000/1,959,707] win 2.2/s | overall 2.2/s | bad=2 | ETA 97.7h
[1,176,000/1,959,707] win 2.2/s | overall 2.2/s | bad=0 | ETA 97.4h
[1,178,000/1,959,707] win 2.2/s | overall 2.2/s | bad=1 | ETA 97.2h
[1,180,000/1,959,707] win 2.3/s | overall 2.2/s | bad=0 | ETA 96.9h
[1,182,000/1,959,707] win 2.3/s | overall 2.2/s | bad=0 | ETA 96.7h
[1,184,000/1,959,707] win 2.3/s | overall 2.2/s | bad=0 | ETA 96.4h
[1,186,000/1,959,707] win 2.3/s | overall 2.2/s | bad=0 | ETA 96.2h
[1,188,000/1,959,707] win 2.3/s | overall 2.2/s | bad=2 | ETA 95.9h
[1,190,000/1,959,707] win 2.3/s | overall 2.2/s | bad=0 | ETA 95.7h
[1,192,000/1,959,707] win 2.3/s | overall 2.2/s | bad=0 | ETA 95.4h
[1,194,000/1,959,707] win 2.3/s | overall 2.2/s | bad=0 | ETA 95.2h
[1,196,000/1,959,707] win 2.3/s | overall 2.2/s | bad=0 | ETA 94.9h
[1,198,000/1,959,707] win 2.3/s | overall 2.2/s | bad=0 | ETA 94.6h
[1,200,000/1,959,707] win 2.3/s | overall 2.2/s | bad=2 | ETA 94.4h
[1,202,000/1,959,707] win 2.3/s | overall 2.2/s | bad=1 | ETA 94.1h
[1,204,000/1,959,707] win 2.3/s | overall 2.2/s | bad=2 | ETA 93.9h
[1,206,000/1,959,707] win 2.3/s | overall 2.2/s | bad=1 | ETA 93.6h
[1,208,000/1,959,707] win 2.3/s | overall 2.2/s | bad=0 | ETA 93.4h
[1,210,000/1,959,707] win 2.3/s | overall 2.2/s | bad=0 | ETA 93.1h
[1,212,000/1,959,707] win 2.3/s | overall 2.2/s | bad=0 | ETA 92.9h
[1,214,000/1,959,707] win 2.4/s | overall 2.2/s | bad=0 | ETA 92.6h
[1,216,000/1,959,707] win 2.3/s | overall 2.2/s | bad=0 | ETA 92.4h
[1,218,000/1,959,707] win 2.3/s | overall 2.2/s | bad=0 | ETA 92.1h
[1,220,000/1,959,707] win 2.3/s | overall 2.2/s | bad=0 | ETA 91.9h
[1,222,000/1,959,707] win 2.4/s | overall 2.2/s | bad=0 | ETA 91.6h
[1,224,000/1,959,707] win 2.3/s | overall 2.2/s | bad=0 | ETA 91.3h
[1,226,000/1,959,707] win 2.4/s | overall 2.2/s | bad=0 | ETA 91.1h
[1,228,000/1,959,707] win 2.3/s | overall 2.2/s | bad=1 | ETA 90.8h
[1,230,000/1,959,707] win 2.2/s | overall 2.2/s | bad=0 | ETA 90.6h
[1,232,000/1,959,707] win 2.2/s | overall 2.2/s | bad=1 | ETA 90.3h
[1,234,000/1,959,707] win 2.2/s | overall 2.2/s | bad=0 | ETA 90.1h
[1,236,000/1,959,707] win 2.2/s | overall 2.2/s | bad=0 | ETA 89.9h
[1,238,000/1,959,707] win 2.2/s | overall 2.2/s | bad=2 | ETA 89.6h
[1,240,000/1,959,707] win 2.2/s | overall 2.2/s | bad=0 | ETA 89.4h
[1,242,000/1,959,707] win 2.2/s | overall 2.2/s | bad=1 | ETA 89.1h
[1,244,000/1,959,707] win 2.3/s | overall 2.2/s | bad=0 | ETA 88.9h
[1,246,000/1,959,707] win 2.2/s | overall 2.2/s | bad=1 | ETA 88.6h
[1,248,000/1,959,707] win 2.2/s | overall 2.2/s | bad=0 | ETA 88.4h
[1,250,000/1,959,707] win 2.2/s | overall 2.2/s | bad=0 | ETA 88.1h
[1,252,000/1,959,707] win 2.2/s | overall 2.2/s | bad=0 | ETA 87.9h
[1,254,000/1,959,707] win 2.2/s | overall 2.2/s | bad=0 | ETA 87.6h
[1,256,000/1,959,707] win 2.3/s | overall 2.2/s | bad=0 | ETA 87.4h
[1,258,000/1,959,707] win 2.2/s | overall 2.2/s | bad=0 | ETA 87.1h
[1,260,000/1,959,707] win 2.2/s | overall 2.2/s | bad=0 | ETA 86.9h
[1,262,000/1,959,707] win 2.2/s | overall 2.2/s | bad=0 | ETA 86.6h
[1,264,000/1,959,707] win 2.2/s | overall 2.2/s | bad=1 | ETA 86.4h
[1,266,000/1,959,707] win 2.1/s | overall 2.2/s | bad=1 | ETA 86.1h
[1,268,000/1,959,707] win 2.2/s | overall 2.2/s | bad=0 | ETA 85.9h
[1,270,000/1,959,707] win 2.2/s | overall 2.2/s | bad=0 | ETA 85.7h
[1,272,000/1,959,707] win 2.2/s | overall 2.2/s | bad=0 | ETA 85.4h
[1,274,000/1,959,707] win 2.1/s | overall 2.2/s | bad=0 | ETA 85.2h
[1,276,000/1,959,707] win 2.2/s | overall 2.2/s | bad=1 | ETA 84.9h
[1,278,000/1,959,707] win 2.2/s | overall 2.2/s | bad=2 | ETA 84.7h
[1,280,000/1,959,707] win 2.2/s | overall 2.2/s | bad=1 | ETA 84.4h
[1,282,000/1,959,707] win 2.2/s | overall 2.2/s | bad=1 | ETA 84.2h
[1,284,000/1,959,707] win 2.2/s | overall 2.2/s | bad=1 | ETA 83.9h
[1,286,000/1,959,707] win 2.3/s | overall 2.2/s | bad=0 | ETA 83.7h
[1,288,000/1,959,707] win 2.3/s | overall 2.2/s | bad=0 | ETA 83.4h
[1,290,000/1,959,707] win 2.2/s | overall 2.2/s | bad=2 | ETA 83.2h
[1,292,000/1,959,707] win 2.3/s | overall 2.2/s | bad=0 | ETA 82.9h
[1,294,000/1,959,707] win 2.3/s | overall 2.2/s | bad=0 | ETA 82.7h
[1,296,000/1,959,707] win 2.2/s | overall 2.2/s | bad=0 | ETA 82.4h
[1,298,000/1,959,707] win 2.2/s | overall 2.2/s | bad=0 | ETA 82.2h
[1,300,000/1,959,707] win 2.2/s | overall 2.2/s | bad=1 | ETA 81.9h
[1,302,000/1,959,707] win 2.2/s | overall 2.2/s | bad=0 | ETA 81.7h
[1,304,000/1,959,707] win 2.2/s | overall 2.2/s | bad=0 | ETA 81.4h
[1,306,000/1,959,707] win 2.2/s | overall 2.2/s | bad=0 | ETA 81.2h
[1,308,000/1,959,707] win 2.2/s | overall 2.2/s | bad=0 | ETA 80.9h
[1,310,000/1,959,707] win 2.3/s | overall 2.2/s | bad=0 | ETA 80.7h
[1,312,000/1,959,707] win 2.4/s | overall 2.2/s | bad=0 | ETA 80.4h
[1,314,000/1,959,707] win 2.3/s | overall 2.2/s | bad=0 | ETA 80.2h
[1,316,000/1,959,707] win 2.2/s | overall 2.2/s | bad=1 | ETA 79.9h
[1,318,000/1,959,707] win 2.2/s | overall 2.2/s | bad=0 | ETA 79.7h
[1,320,000/1,959,707] win 2.2/s | overall 2.2/s | bad=0 | ETA 79.4h
[1,322,000/1,959,707] win 2.3/s | overall 2.2/s | bad=0 | ETA 79.2h
[1,324,000/1,959,707] win 2.3/s | overall 2.2/s | bad=1 | ETA 78.9h
[1,326,000/1,959,707] win 2.3/s | overall 2.2/s | bad=0 | ETA 78.7h
[1,328,000/1,959,707] win 2.4/s | overall 2.2/s | bad=0 | ETA 78.4h
[1,330,000/1,959,707] win 2.5/s | overall 2.2/s | bad=0 | ETA 78.2h
[1,332,000/1,959,707] win 2.2/s | overall 2.2/s | bad=1 | ETA 77.9h
[1,334,000/1,959,707] win 2.2/s | overall 2.2/s | bad=0 | ETA 77.7h
[1,336,000/1,959,707] win 2.2/s | overall 2.2/s | bad=2 | ETA 77.4h
[1,338,000/1,959,707] win 2.2/s | overall 2.2/s | bad=1 | ETA 77.2h
[1,340,000/1,959,707] win 2.2/s | overall 2.2/s | bad=2 | ETA 76.9h
[1,342,000/1,959,707] win 2.3/s | overall 2.2/s | bad=0 | ETA 76.7h
[1,344,000/1,959,707] win 2.3/s | overall 2.2/s | bad=0 | ETA 76.4h
[1,346,000/1,959,707] win 2.2/s | overall 2.2/s | bad=0 | ETA 76.2h
[1,348,000/1,959,707] win 2.2/s | overall 2.2/s | bad=0 | ETA 75.9h
[1,350,000/1,959,707] win 2.2/s | overall 2.2/s | bad=0 | ETA 75.7h
[1,352,000/1,959,707] win 2.3/s | overall 2.2/s | bad=0 | ETA 75.4h
[1,354,000/1,959,707] win 2.3/s | overall 2.2/s | bad=1 | ETA 75.2h
[1,356,000/1,959,707] win 2.2/s | overall 2.2/s | bad=0 | ETA 74.9h
[1,358,000/1,959,707] win 2.3/s | overall 2.2/s | bad=1 | ETA 74.7h
[1,360,000/1,959,707] win 2.2/s | overall 2.2/s | bad=0 | ETA 74.4h
[1,362,000/1,959,707] win 2.2/s | overall 2.2/s | bad=0 | ETA 74.2h
[1,364,000/1,959,707] win 2.2/s | overall 2.2/s | bad=0 | ETA 73.9h
[1,366,000/1,959,707] win 2.2/s | overall 2.2/s | bad=0 | ETA 73.7h
[1,368,000/1,959,707] win 2.3/s | overall 2.2/s | bad=0 | ETA 73.4h
[1,370,000/1,959,707] win 2.3/s | overall 2.2/s | bad=0 | ETA 73.2h
[1,372,000/1,959,707] win 2.2/s | overall 2.2/s | bad=0 | ETA 73.0h
[1,374,000/1,959,707] win 2.2/s | overall 2.2/s | bad=1 | ETA 72.7h
[1,376,000/1,959,707] win 2.2/s | overall 2.2/s | bad=1 | ETA 72.5h
[1,378,000/1,959,707] win 2.3/s | overall 2.2/s | bad=0 | ETA 72.2h
[1,380,000/1,959,707] win 2.3/s | overall 2.2/s | bad=1 | ETA 72.0h
[1,382,000/1,959,707] win 2.3/s | overall 2.2/s | bad=0 | ETA 71.7h
[1,384,000/1,959,707] win 2.3/s | overall 2.2/s | bad=1 | ETA 71.5h
[1,386,000/1,959,707] win 2.2/s | overall 2.2/s | bad=2 | ETA 71.2h
[1,388,000/1,959,707] win 2.2/s | overall 2.2/s | bad=0 | ETA 71.0h
[1,390,000/1,959,707] win 2.2/s | overall 2.2/s | bad=1 | ETA 70.7h
[1,392,000/1,959,707] win 2.3/s | overall 2.2/s | bad=2 | ETA 70.5h
[1,394,000/1,959,707] win 2.3/s | overall 2.2/s | bad=1 | ETA 70.2h
[1,396,000/1,959,707] win 2.3/s | overall 2.2/s | bad=0 | ETA 70.0h
[1,398,000/1,959,707] win 2.3/s | overall 2.2/s | bad=0 | ETA 69.7h
[1,400,000/1,959,707] win 2.3/s | overall 2.2/s | bad=0 | ETA 69.5h
[1,402,000/1,959,707] win 2.3/s | overall 2.2/s | bad=0 | ETA 69.2h
[1,404,000/1,959,707] win 2.3/s | overall 2.2/s | bad=0 | ETA 69.0h
[1,406,000/1,959,707] win 2.3/s | overall 2.2/s | bad=2 | ETA 68.7h
[1,408,000/1,959,707] win 2.3/s | overall 2.2/s | bad=0 | ETA 68.5h
[1,410,000/1,959,707] win 2.3/s | overall 2.2/s | bad=0 | ETA 68.2h
[1,412,000/1,959,707] win 2.3/s | overall 2.2/s | bad=0 | ETA 68.0h
[1,414,000/1,959,707] win 2.3/s | overall 2.2/s | bad=0 | ETA 67.7h
[1,416,000/1,959,707] win 2.3/s | overall 2.2/s | bad=0 | ETA 67.5h
[1,418,000/1,959,707] win 2.4/s | overall 2.2/s | bad=1 | ETA 67.2h
[1,420,000/1,959,707] win 2.3/s | overall 2.2/s | bad=1 | ETA 67.0h
[1,422,000/1,959,707] win 2.3/s | overall 2.2/s | bad=2 | ETA 66.7h
[1,424,000/1,959,707] win 2.3/s | overall 2.2/s | bad=1 | ETA 66.5h
[1,426,000/1,959,707] win 2.3/s | overall 2.2/s | bad=0 | ETA 66.2h
[1,428,000/1,959,707] win 2.4/s | overall 2.2/s | bad=0 | ETA 65.9h
[1,430,000/1,959,707] win 2.3/s | overall 2.2/s | bad=0 | ETA 65.7h
[1,432,000/1,959,707] win 2.4/s | overall 2.2/s | bad=0 | ETA 65.4h
[1,434,000/1,959,707] win 2.3/s | overall 2.2/s | bad=0 | ETA 65.2h
[1,436,000/1,959,707] win 2.4/s | overall 2.2/s | bad=0 | ETA 64.9h
[1,438,000/1,959,707] win 2.4/s | overall 2.2/s | bad=0 | ETA 64.7h
[1,440,000/1,959,707] win 2.4/s | overall 2.2/s | bad=0 | ETA 64.4h
[1,442,000/1,959,707] win 2.3/s | overall 2.2/s | bad=0 | ETA 64.2h
[1,444,000/1,959,707] win 2.4/s | overall 2.2/s | bad=0 | ETA 63.9h
[1,446,000/1,959,707] win 2.3/s | overall 2.2/s | bad=1 | ETA 63.7h
[1,448,000/1,959,707] win 2.2/s | overall 2.2/s | bad=0 | ETA 63.4h
[1,450,000/1,959,707] win 2.2/s | overall 2.2/s | bad=1 | ETA 63.2h
[1,452,000/1,959,707] win 2.2/s | overall 2.2/s | bad=0 | ETA 62.9h
[1,454,000/1,959,707] win 2.2/s | overall 2.2/s | bad=0 | ETA 62.7h
[1,456,000/1,959,707] win 2.2/s | overall 2.2/s | bad=2 | ETA 62.4h
[1,458,000/1,959,707] win 2.2/s | overall 2.2/s | bad=0 | ETA 62.2h
[1,460,000/1,959,707] win 2.2/s | overall 2.2/s | bad=1 | ETA 62.0h
[1,462,000/1,959,707] win 2.3/s | overall 2.2/s | bad=0 | ETA 61.7h
[1,464,000/1,959,707] win 2.2/s | overall 2.2/s | bad=1 | ETA 61.5h
[1,466,000/1,959,707] win 2.2/s | overall 2.2/s | bad=0 | ETA 61.2h
[1,468,000/1,959,707] win 2.2/s | overall 2.2/s | bad=0 | ETA 61.0h
[1,470,000/1,959,707] win 2.2/s | overall 2.2/s | bad=0 | ETA 60.7h
[1,472,000/1,959,707] win 2.2/s | overall 2.2/s | bad=0 | ETA 60.5h
[1,474,000/1,959,707] win 2.3/s | overall 2.2/s | bad=0 | ETA 60.2h
[1,476,000/1,959,707] win 2.2/s | overall 2.2/s | bad=0 | ETA 60.0h
[1,478,000/1,959,707] win 2.2/s | overall 2.2/s | bad=0 | ETA 59.7h
[1,480,000/1,959,707] win 2.2/s | overall 2.2/s | bad=0 | ETA 59.5h
[1,482,000/1,959,707] win 2.2/s | overall 2.2/s | bad=1 | ETA 59.2h
[1,484,000/1,959,707] win 2.2/s | overall 2.2/s | bad=1 | ETA 59.0h
[1,486,000/1,959,707] win 2.2/s | overall 2.2/s | bad=0 | ETA 58.7h
[1,488,000/1,959,707] win 2.2/s | overall 2.2/s | bad=0 | ETA 58.5h
[1,490,000/1,959,707] win 2.2/s | overall 2.2/s | bad=0 | ETA 58.2h
[1,492,000/1,959,707] win 2.2/s | overall 2.2/s | bad=0 | ETA 58.0h
[1,494,000/1,959,707] win 2.2/s | overall 2.2/s | bad=2 | ETA 57.8h
[1,496,000/1,959,707] win 2.2/s | overall 2.2/s | bad=1 | ETA 57.5h
[1,498,000/1,959,707] win 2.3/s | overall 2.2/s | bad=2 | ETA 57.3h
[1,500,000/1,959,707] win 2.2/s | overall 2.2/s | bad=0 | ETA 57.0h
[1,502,000/1,959,707] win 2.2/s | overall 2.2/s | bad=1 | ETA 56.8h
[1,504,000/1,959,707] win 2.3/s | overall 2.2/s | bad=0 | ETA 56.5h
[1,506,000/1,959,707] win 2.3/s | overall 2.2/s | bad=1 | ETA 56.3h
[1,508,000/1,959,707] win 2.3/s | overall 2.2/s | bad=1 | ETA 56.0h
[1,510,000/1,959,707] win 2.3/s | overall 2.2/s | bad=0 | ETA 55.8h
[1,512,000/1,959,707] win 2.3/s | overall 2.2/s | bad=0 | ETA 55.5h
[1,514,000/1,959,707] win 2.2/s | overall 2.2/s | bad=0 | ETA 55.3h
[1,516,000/1,959,707] win 2.2/s | overall 2.2/s | bad=0 | ETA 55.0h
[1,518,000/1,959,707] win 2.2/s | overall 2.2/s | bad=1 | ETA 54.8h
[1,520,000/1,959,707] win 2.2/s | overall 2.2/s | bad=0 | ETA 54.5h
[1,522,000/1,959,707] win 2.2/s | overall 2.2/s | bad=0 | ETA 54.3h
[1,524,000/1,959,707] win 2.2/s | overall 2.2/s | bad=0 | ETA 54.0h
[1,526,000/1,959,707] win 2.2/s | overall 2.2/s | bad=0 | ETA 53.8h
[1,528,000/1,959,707] win 2.3/s | overall 2.2/s | bad=0 | ETA 53.5h
[1,530,000/1,959,707] win 2.3/s | overall 2.2/s | bad=0 | ETA 53.3h
[1,532,000/1,959,707] win 2.3/s | overall 2.2/s | bad=0 | ETA 53.0h
[1,534,000/1,959,707] win 2.2/s | overall 2.2/s | bad=1 | ETA 52.8h
[1,536,000/1,959,707] win 2.2/s | overall 2.2/s | bad=0 | ETA 52.5h
[1,538,000/1,959,707] win 2.2/s | overall 2.2/s | bad=0 | ETA 52.3h
[1,540,000/1,959,707] win 2.4/s | overall 2.2/s | bad=0 | ETA 52.0h
[1,542,000/1,959,707] win 2.2/s | overall 2.2/s | bad=1 | ETA 51.8h
[1,544,000/1,959,707] win 2.3/s | overall 2.2/s | bad=0 | ETA 51.5h
[1,546,000/1,959,707] win 2.4/s | overall 2.2/s | bad=0 | ETA 51.3h
[1,548,000/1,959,707] win 2.4/s | overall 2.2/s | bad=0 | ETA 51.0h
[1,550,000/1,959,707] win 2.2/s | overall 2.2/s | bad=1 | ETA 50.8h
[1,552,000/1,959,707] win 2.2/s | overall 2.2/s | bad=0 | ETA 50.5h
[1,554,000/1,959,707] win 2.2/s | overall 2.2/s | bad=2 | ETA 50.3h
[1,556,000/1,959,707] win 2.2/s | overall 2.2/s | bad=1 | ETA 50.0h
[1,558,000/1,959,707] win 2.2/s | overall 2.2/s | bad=2 | ETA 49.8h
[1,560,000/1,959,707] win 2.2/s | overall 2.2/s | bad=0 | ETA 49.6h
[1,562,000/1,959,707] win 2.2/s | overall 2.2/s | bad=0 | ETA 49.3h
[1,564,000/1,959,707] win 2.2/s | overall 2.2/s | bad=0 | ETA 49.1h
[1,566,000/1,959,707] win 2.2/s | overall 2.2/s | bad=0 | ETA 48.8h
[1,568,000/1,959,707] win 2.2/s | overall 2.2/s | bad=0 | ETA 48.6h
[1,570,000/1,959,707] win 2.2/s | overall 2.2/s | bad=0 | ETA 48.3h
[1,572,000/1,959,707] win 2.2/s | overall 2.2/s | bad=1 | ETA 48.1h
[1,574,000/1,959,707] win 2.2/s | overall 2.2/s | bad=0 | ETA 47.8h
[1,576,000/1,959,707] win 2.2/s | overall 2.2/s | bad=1 | ETA 47.6h
[1,578,000/1,959,707] win 2.2/s | overall 2.2/s | bad=0 | ETA 47.3h
[1,580,000/1,959,707] win 2.2/s | overall 2.2/s | bad=0 | ETA 47.1h
[1,582,000/1,959,707] win 2.2/s | overall 2.2/s | bad=0 | ETA 46.8h
[1,584,000/1,959,707] win 2.2/s | overall 2.2/s | bad=0 | ETA 46.6h
[1,586,000/1,959,707] win 2.2/s | overall 2.2/s | bad=0 | ETA 46.3h
[1,588,000/1,959,707] win 2.2/s | overall 2.2/s | bad=0 | ETA 46.1h
[1,590,000/1,959,707] win 2.2/s | overall 2.2/s | bad=0 | ETA 45.8h
[1,592,000/1,959,707] win 2.1/s | overall 2.2/s | bad=1 | ETA 45.6h
[1,594,000/1,959,707] win 2.2/s | overall 2.2/s | bad=1 | ETA 45.4h
[1,596,000/1,959,707] win 2.3/s | overall 2.2/s | bad=0 | ETA 45.1h
[1,598,000/1,959,707] win 2.3/s | overall 2.2/s | bad=1 | ETA 44.9h
[1,600,000/1,959,707] win 2.2/s | overall 2.2/s | bad=0 | ETA 44.6h
[1,602,000/1,959,707] win 2.2/s | overall 2.2/s | bad=2 | ETA 44.4h
[1,604,000/1,959,707] win 2.2/s | overall 2.2/s | bad=1 | ETA 44.1h
[1,606,000/1,959,707] win 2.2/s | overall 2.2/s | bad=1 | ETA 43.9h
[1,608,000/1,959,707] win 2.2/s | overall 2.2/s | bad=0 | ETA 43.6h
[1,610,000/1,959,707] win 2.2/s | overall 2.2/s | bad=2 | ETA 43.4h
[1,612,000/1,959,707] win 2.2/s | overall 2.2/s | bad=1 | ETA 43.1h
[1,614,000/1,959,707] win 2.2/s | overall 2.2/s | bad=0 | ETA 42.9h
[1,616,000/1,959,707] win 2.2/s | overall 2.2/s | bad=0 | ETA 42.6h
[1,618,000/1,959,707] win 2.2/s | overall 2.2/s | bad=0 | ETA 42.4h
[1,620,000/1,959,707] win 2.3/s | overall 2.2/s | bad=0 | ETA 42.1h
[1,622,000/1,959,707] win 2.2/s | overall 2.2/s | bad=0 | ETA 41.9h
[1,624,000/1,959,707] win 2.2/s | overall 2.2/s | bad=2 | ETA 41.6h
[1,626,000/1,959,707] win 2.2/s | overall 2.2/s | bad=0 | ETA 41.4h
[1,628,000/1,959,707] win 2.3/s | overall 2.2/s | bad=0 | ETA 41.1h
[1,630,000/1,959,707] win 2.3/s | overall 2.2/s | bad=0 | ETA 40.9h
[1,632,000/1,959,707] win 2.3/s | overall 2.2/s | bad=0 | ETA 40.6h
[1,634,000/1,959,707] win 2.3/s | overall 2.2/s | bad=0 | ETA 40.4h
[1,636,000/1,959,707] win 2.3/s | overall 2.2/s | bad=1 | ETA 40.1h
[1,638,000/1,959,707] win 2.2/s | overall 2.2/s | bad=1 | ETA 39.9h
[1,640,000/1,959,707] win 2.3/s | overall 2.2/s | bad=2 | ETA 39.6h
[1,642,000/1,959,707] win 2.3/s | overall 2.2/s | bad=1 | ETA 39.4h
[1,644,000/1,959,707] win 2.3/s | overall 2.2/s | bad=0 | ETA 39.1h
[1,646,000/1,959,707] win 2.3/s | overall 2.2/s | bad=0 | ETA 38.9h
[1,648,000/1,959,707] win 2.3/s | overall 2.2/s | bad=0 | ETA 38.7h
[1,650,000/1,959,707] win 2.3/s | overall 2.2/s | bad=0 | ETA 38.4h
[1,652,000/1,959,707] win 2.3/s | overall 2.2/s | bad=0 | ETA 38.2h
[1,654,000/1,959,707] win 2.3/s | overall 2.2/s | bad=0 | ETA 37.9h
[1,656,000/1,959,707] win 2.3/s | overall 2.2/s | bad=0 | ETA 37.7h
[1,658,000/1,959,707] win 2.3/s | overall 2.2/s | bad=0 | ETA 37.4h
[1,660,000/1,959,707] win 2.3/s | overall 2.2/s | bad=0 | ETA 37.2h
[1,662,000/1,959,707] win 2.3/s | overall 2.2/s | bad=0 | ETA 36.9h
[1,664,000/1,959,707] win 2.2/s | overall 2.2/s | bad=1 | ETA 36.7h
[1,666,000/1,959,707] win 2.2/s | overall 2.2/s | bad=0 | ETA 36.4h
[1,668,000/1,959,707] win 2.2/s | overall 2.2/s | bad=1 | ETA 36.2h
[1,670,000/1,959,707] win 2.2/s | overall 2.2/s | bad=0 | ETA 35.9h
[1,672,000/1,959,707] win 2.2/s | overall 2.2/s | bad=1 | ETA 35.7h
[1,674,000/1,959,707] win 2.2/s | overall 2.2/s | bad=1 | ETA 35.4h
[1,676,000/1,959,707] win 2.2/s | overall 2.2/s | bad=0 | ETA 35.2h
[1,678,000/1,959,707] win 2.2/s | overall 2.2/s | bad=1 | ETA 34.9h
[1,680,000/1,959,707] win 2.3/s | overall 2.2/s | bad=0 | ETA 34.7h
[1,682,000/1,959,707] win 2.2/s | overall 2.2/s | bad=1 | ETA 34.4h
[1,684,000/1,959,707] win 2.2/s | overall 2.2/s | bad=0 | ETA 34.2h
[1,686,000/1,959,707] win 2.2/s | overall 2.2/s | bad=0 | ETA 33.9h
[1,688,000/1,959,707] win 2.2/s | overall 2.2/s | bad=0 | ETA 33.7h
[1,690,000/1,959,707] win 2.2/s | overall 2.2/s | bad=0 | ETA 33.4h
[1,692,000/1,959,707] win 2.3/s | overall 2.2/s | bad=0 | ETA 33.2h
[1,694,000/1,959,707] win 2.2/s | overall 2.2/s | bad=0 | ETA 32.9h
[1,696,000/1,959,707] win 2.2/s | overall 2.2/s | bad=0 | ETA 32.7h
[1,698,000/1,959,707] win 2.2/s | overall 2.2/s | bad=1 | ETA 32.5h
[1,700,000/1,959,707] win 2.1/s | overall 2.2/s | bad=0 | ETA 32.2h
[1,702,000/1,959,707] win 2.1/s | overall 2.2/s | bad=1 | ETA 32.0h
[1,704,000/1,959,707] win 2.1/s | overall 2.2/s | bad=0 | ETA 31.7h
[1,706,000/1,959,707] win 2.2/s | overall 2.2/s | bad=0 | ETA 31.5h
[1,708,000/1,959,707] win 2.2/s | overall 2.2/s | bad=0 | ETA 31.2h
[1,710,000/1,959,707] win 2.1/s | overall 2.2/s | bad=0 | ETA 31.0h
[1,712,000/1,959,707] win 2.2/s | overall 2.2/s | bad=2 | ETA 30.7h
[1,714,000/1,959,707] win 2.2/s | overall 2.2/s | bad=1 | ETA 30.5h
[1,716,000/1,959,707] win 2.2/s | overall 2.2/s | bad=2 | ETA 30.2h
[1,718,000/1,959,707] win 2.2/s | overall 2.2/s | bad=0 | ETA 30.0h
[1,720,000/1,959,707] win 2.2/s | overall 2.2/s | bad=1 | ETA 29.7h
[1,722,000/1,959,707] win 2.2/s | overall 2.2/s | bad=0 | ETA 29.5h
[1,724,000/1,959,707] win 2.2/s | overall 2.2/s | bad=1 | ETA 29.2h
[1,726,000/1,959,707] win 2.2/s | overall 2.2/s | bad=1 | ETA 29.0h
[1,728,000/1,959,707] win 2.3/s | overall 2.2/s | bad=0 | ETA 28.7h
[1,730,000/1,959,707] win 2.2/s | overall 2.2/s | bad=0 | ETA 28.5h
[1,732,000/1,959,707] win 2.2/s | overall 2.2/s | bad=0 | ETA 28.2h
[1,734,000/1,959,707] win 2.2/s | overall 2.2/s | bad=0 | ETA 28.0h
[1,736,000/1,959,707] win 2.2/s | overall 2.2/s | bad=1 | ETA 27.8h
[1,738,000/1,959,707] win 2.2/s | overall 2.2/s | bad=0 | ETA 27.5h
[1,740,000/1,959,707] win 2.2/s | overall 2.2/s | bad=0 | ETA 27.3h
[1,742,000/1,959,707] win 2.2/s | overall 2.2/s | bad=0 | ETA 27.0h
[1,744,000/1,959,707] win 2.2/s | overall 2.2/s | bad=0 | ETA 26.8h
[1,746,000/1,959,707] win 2.3/s | overall 2.2/s | bad=0 | ETA 26.5h
[1,748,000/1,959,707] win 2.4/s | overall 2.2/s | bad=0 | ETA 26.3h
[1,750,000/1,959,707] win 2.3/s | overall 2.2/s | bad=0 | ETA 26.0h
[1,752,000/1,959,707] win 2.2/s | overall 2.2/s | bad=1 | ETA 25.8h
[1,754,000/1,959,707] win 2.3/s | overall 2.2/s | bad=0 | ETA 25.5h
[1,756,000/1,959,707] win 2.2/s | overall 2.2/s | bad=0 | ETA 25.3h
[1,758,000/1,959,707] win 2.4/s | overall 2.2/s | bad=0 | ETA 25.0h
[1,760,000/1,959,707] win 2.3/s | overall 2.2/s | bad=1 | ETA 24.8h
[1,762,000/1,959,707] win 2.4/s | overall 2.2/s | bad=0 | ETA 24.5h
[1,764,000/1,959,707] win 2.5/s | overall 2.2/s | bad=0 | ETA 24.3h
[1,766,000/1,959,707] win 2.4/s | overall 2.2/s | bad=0 | ETA 24.0h
[1,768,000/1,959,707] win 2.2/s | overall 2.2/s | bad=1 | ETA 23.8h
[1,770,000/1,959,707] win 2.2/s | overall 2.2/s | bad=0 | ETA 23.5h
[1,772,000/1,959,707] win 2.3/s | overall 2.2/s | bad=2 | ETA 23.3h
[1,774,000/1,959,707] win 2.2/s | overall 2.2/s | bad=2 | ETA 23.0h
[1,776,000/1,959,707] win 2.2/s | overall 2.2/s | bad=1 | ETA 22.8h
[1,778,000/1,959,707] win 2.3/s | overall 2.2/s | bad=0 | ETA 22.5h
[1,780,000/1,959,707] win 2.3/s | overall 2.2/s | bad=0 | ETA 22.3h
[1,782,000/1,959,707] win 2.3/s | overall 2.2/s | bad=0 | ETA 22.0h
[1,784,000/1,959,707] win 2.3/s | overall 2.2/s | bad=0 | ETA 21.8h
[1,786,000/1,959,707] win 2.3/s | overall 2.2/s | bad=0 | ETA 21.5h
[1,788,000/1,959,707] win 2.3/s | overall 2.2/s | bad=1 | ETA 21.3h
[1,790,000/1,959,707] win 2.3/s | overall 2.2/s | bad=0 | ETA 21.0h
[1,792,000/1,959,707] win 2.3/s | overall 2.2/s | bad=0 | ETA 20.8h
[1,794,000/1,959,707] win 2.3/s | overall 2.2/s | bad=1 | ETA 20.6h
[1,796,000/1,959,707] win 2.2/s | overall 2.2/s | bad=0 | ETA 20.3h
[1,798,000/1,959,707] win 2.2/s | overall 2.2/s | bad=0 | ETA 20.1h
[1,800,000/1,959,707] win 2.2/s | overall 2.2/s | bad=0 | ETA 19.8h
[1,802,000/1,959,707] win 2.3/s | overall 2.2/s | bad=0 | ETA 19.6h
[1,804,000/1,959,707] win 2.3/s | overall 2.2/s | bad=0 | ETA 19.3h
[1,806,000/1,959,707] win 2.2/s | overall 2.2/s | bad=0 | ETA 19.1h
[1,808,000/1,959,707] win 2.3/s | overall 2.2/s | bad=0 | ETA 18.8h
[1,810,000/1,959,707] win 2.2/s | overall 2.2/s | bad=1 | ETA 18.6h
[1,812,000/1,959,707] win 2.2/s | overall 2.2/s | bad=1 | ETA 18.3h
[1,814,000/1,959,707] win 2.3/s | overall 2.2/s | bad=0 | ETA 18.1h
[1,816,000/1,959,707] win 2.3/s | overall 2.2/s | bad=1 | ETA 17.8h
[1,818,000/1,959,707] win 2.3/s | overall 2.2/s | bad=0 | ETA 17.6h
[1,820,000/1,959,707] win 2.3/s | overall 2.2/s | bad=2 | ETA 17.3h
[1,822,000/1,959,707] win 2.2/s | overall 2.2/s | bad=1 | ETA 17.1h
[1,824,000/1,959,707] win 2.2/s | overall 2.2/s | bad=1 | ETA 16.8h
[1,826,000/1,959,707] win 2.2/s | overall 2.2/s | bad=0 | ETA 16.6h
[1,828,000/1,959,707] win 2.2/s | overall 2.2/s | bad=2 | ETA 16.3h
[1,830,000/1,959,707] win 2.2/s | overall 2.2/s | bad=1 | ETA 16.1h
[1,832,000/1,959,707] win 2.2/s | overall 2.2/s | bad=0 | ETA 15.8h
[1,834,000/1,959,707] win 2.3/s | overall 2.2/s | bad=0 | ETA 15.6h
[1,836,000/1,959,707] win 2.3/s | overall 2.2/s | bad=0 | ETA 15.3h
[1,838,000/1,959,707] win 2.3/s | overall 2.2/s | bad=0 | ETA 15.1h
[1,840,000/1,959,707] win 2.3/s | overall 2.2/s | bad=0 | ETA 14.8h
[1,842,000/1,959,707] win 2.2/s | overall 2.2/s | bad=2 | ETA 14.6h
[1,844,000/1,959,707] win 2.3/s | overall 2.2/s | bad=0 | ETA 14.3h
[1,846,000/1,959,707] win 2.3/s | overall 2.2/s | bad=0 | ETA 14.1h
[1,848,000/1,959,707] win 2.3/s | overall 2.2/s | bad=0 | ETA 13.9h
[1,850,000/1,959,707] win 2.3/s | overall 2.2/s | bad=0 | ETA 13.6h
[1,852,000/1,959,707] win 2.3/s | overall 2.2/s | bad=0 | ETA 13.4h
[1,854,000/1,959,707] win 2.3/s | overall 2.2/s | bad=2 | ETA 13.1h
[1,856,000/1,959,707] win 2.3/s | overall 2.2/s | bad=1 | ETA 12.9h
[1,858,000/1,959,707] win 2.3/s | overall 2.2/s | bad=1 | ETA 12.6h
[1,860,000/1,959,707] win 2.3/s | overall 2.2/s | bad=1 | ETA 12.4h
[1,862,000/1,959,707] win 2.3/s | overall 2.2/s | bad=0 | ETA 12.1h
[1,864,000/1,959,707] win 2.3/s | overall 2.2/s | bad=0 | ETA 11.9h
[1,866,000/1,959,707] win 2.3/s | overall 2.2/s | bad=0 | ETA 11.6h
[1,868,000/1,959,707] win 2.3/s | overall 2.2/s | bad=0 | ETA 11.4h
[1,870,000/1,959,707] win 2.3/s | overall 2.2/s | bad=0 | ETA 11.1h
[1,872,000/1,959,707] win 2.3/s | overall 2.2/s | bad=0 | ETA 10.9h
[1,874,000/1,959,707] win 2.4/s | overall 2.2/s | bad=0 | ETA 10.6h
[1,876,000/1,959,707] win 2.4/s | overall 2.2/s | bad=0 | ETA 10.4h
[1,878,000/1,959,707] win 2.3/s | overall 2.2/s | bad=0 | ETA 10.1h
[1,880,000/1,959,707] win 2.4/s | overall 2.2/s | bad=0 | ETA 9.9h
[1,882,000/1,959,707] win 2.2/s | overall 2.2/s | bad=1 | ETA 9.6h
[1,884,000/1,959,707] win 2.2/s | overall 2.2/s | bad=1 | ETA 9.4h
[1,886,000/1,959,707] win 2.2/s | overall 2.2/s | bad=0 | ETA 9.1h
[1,888,000/1,959,707] win 2.2/s | overall 2.2/s | bad=0 | ETA 8.9h
[1,890,000/1,959,707] win 2.2/s | overall 2.2/s | bad=1 | ETA 8.6h
[1,892,000/1,959,707] win 2.2/s | overall 2.2/s | bad=1 | ETA 8.4h
[1,894,000/1,959,707] win 2.2/s | overall 2.2/s | bad=0 | ETA 8.1h
[1,896,000/1,959,707] win 2.3/s | overall 2.2/s | bad=1 | ETA 7.9h
[1,898,000/1,959,707] win 2.3/s | overall 2.2/s | bad=0 | ETA 7.6h
[1,900,000/1,959,707] win 2.2/s | overall 2.2/s | bad=1 | ETA 7.4h
[1,902,000/1,959,707] win 2.2/s | overall 2.2/s | bad=0 | ETA 7.2h
[1,904,000/1,959,707] win 2.2/s | overall 2.2/s | bad=0 | ETA 6.9h
[1,906,000/1,959,707] win 2.2/s | overall 2.2/s | bad=0 | ETA 6.7h
[1,908,000/1,959,707] win 2.3/s | overall 2.2/s | bad=0 | ETA 6.4h
[1,910,000/1,959,707] win 2.3/s | overall 2.2/s | bad=0 | ETA 6.2h
[1,912,000/1,959,707] win 2.2/s | overall 2.2/s | bad=0 | ETA 5.9h
[1,914,000/1,959,707] win 2.2/s | overall 2.2/s | bad=0 | ETA 5.7h
[1,916,000/1,959,707] win 2.2/s | overall 2.2/s | bad=1 | ETA 5.4h
[1,918,000/1,959,707] win 2.2/s | overall 2.2/s | bad=0 | ETA 5.2h
[1,920,000/1,959,707] win 2.2/s | overall 2.2/s | bad=1 | ETA 4.9h
[1,922,000/1,959,707] win 2.2/s | overall 2.2/s | bad=0 | ETA 4.7h
[1,924,000/1,959,707] win 2.2/s | overall 2.2/s | bad=0 | ETA 4.4h
[1,926,000/1,959,707] win 2.2/s | overall 2.2/s | bad=0 | ETA 4.2h
[1,928,000/1,959,707] win 2.2/s | overall 2.2/s | bad=1 | ETA 3.9h
[1,930,000/1,959,707] win 2.2/s | overall 2.2/s | bad=2 | ETA 3.7h
[1,932,000/1,959,707] win 2.2/s | overall 2.2/s | bad=1 | ETA 3.4h
[1,934,000/1,959,707] win 2.2/s | overall 2.2/s | bad=1 | ETA 3.2h
[1,936,000/1,959,707] win 2.2/s | overall 2.2/s | bad=0 | ETA 2.9h
[1,938,000/1,959,707] win 2.2/s | overall 2.2/s | bad=1 | ETA 2.7h
[1,940,000/1,959,707] win 2.2/s | overall 2.2/s | bad=0 | ETA 2.4h
[1,942,000/1,959,707] win 2.2/s | overall 2.2/s | bad=2 | ETA 2.2h
[1,944,000/1,959,707] win 2.3/s | overall 2.2/s | bad=0 | ETA 1.9h
[1,946,000/1,959,707] win 2.3/s | overall 2.2/s | bad=0 | ETA 1.7h
[1,948,000/1,959,707] win 2.2/s | overall 2.2/s | bad=0 | ETA 1.5h
[1,950,000/1,959,707] win 2.2/s | overall 2.2/s | bad=0 | ETA 1.2h
[1,952,000/1,959,707] win 2.2/s | overall 2.2/s | bad=0 | ETA 1.0h
[1,954,000/1,959,707] win 2.2/s | overall 2.2/s | bad=1 | ETA 0.7h
[1,956,000/1,959,707] win 2.2/s | overall 2.2/s | bad=0 | ETA 0.5h
[1,958,000/1,959,707] win 2.2/s | overall 2.2/s | bad=0 | ETA 0.2h
[1,959,707/1,959,707] win 2.2/s | overall 2.2/s | bad=0 | ETA 0.0h
DONE 1,959,707 rows in 242.95h
loading lookups...
  industries=9 posts=217998
loading pairs...
  pairs=1,959,707
DONE 0 rows in 0.00h
loading lookups...
  industries=9 posts=217998
loading pairs...
  pairs=1,959,707
DONE 0 rows in 0.00h
loading lookups...
  industries=9 posts=217998
loading pairs...
  pairs=1,959,707
DONE 0 rows in 0.00h
loading lookups...
  industries=9 posts=217998
loading pairs...
  pairs=1,959,707
DONE 0 rows in 0.00h
loading lookups...
  industries=9 posts=217998
loading pairs...
  pairs=1,959,707
DONE 0 rows in 0.00h
loading lookups...
  industries=9 posts=217998
loading pairs...
  pairs=1,959,707
DONE 0 rows in 0.00h
loading lookups...
  industries=9 posts=217998
loading pairs...
  pairs=1,959,707
DONE 0 rows in 0.00h
loading lookups...
  industries=9 posts=217998
loading pairs...
  pairs=1,959,707
DONE 0 rows in 0.00h
loading lookups...
  industries=9 posts=217998
loading pairs...
  pairs=1,959,707
DONE 0 rows in 0.00h
loading lookups...
  industries=9 posts=217998
loading pairs...
  pairs=1,959,707
DONE 0 rows in 0.00h
loading lookups...
  industries=9 posts=217998
loading pairs...
  pairs=1,959,707
DONE 0 rows in 0.00h
loading lookups...
  industries=9 posts=217998
loading pairs...
  pairs=1,959,707
DONE 0 rows in 0.00h
loading lookups...
  industries=9 posts=217998
loading pairs...
  pairs=1,959,707
DONE 0 rows in 0.00h
loading lookups...
  industries=9 posts=217998
loading pairs...
  pairs=1,959,707
DONE 0 rows in 0.00h
loading lookups...
  industries=9 posts=217998
loading pairs...
  pairs=1,959,707
DONE 0 rows in 0.00h
loading lookups...
  industries=9 posts=217998
loading pairs...
  pairs=1,959,707
DONE 0 rows in 0.00h
loading lookups...
  industries=9 posts=217998
loading pairs...
  pairs=1,959,707
DONE 0 rows in 0.00h
loading lookups...
  industries=9 posts=217998
loading pairs...
  pairs=1,959,707
DONE 0 rows in 0.00h
loading lookups...
  industries=9 posts=217998
loading pairs...
  pairs=1,959,707
DONE 0 rows in 0.00h
loading lookups...
  industries=9 posts=217998
loading pairs...
  pairs=1,959,707
DONE 0 rows in 0.00h
loading lookups...
  industries=9 posts=217998
loading pairs...
  pairs=1,959,707
DONE 0 rows in 0.00h
loading lookups...
  industries=9 posts=217998
loading pairs...
  pairs=1,959,707
DONE 0 rows in 0.00h
loading lookups...
  industries=9 posts=217998
loading pairs...
  pairs=1,959,707
DONE 0 rows in 0.00h
loading lookups...
  industries=9 posts=217998
loading pairs...
  pairs=1,959,707
DONE 0 rows in 0.00h
loading lookups...
  industries=9 posts=217998
loading pairs...
  pairs=1,959,707
DONE 0 rows in 0.00h
loading lookups...
  industries=9 posts=217998
loading pairs...
  pairs=1,959,707
DONE 0 rows in 0.00h
loading lookups...
  industries=9 posts=217998
loading pairs...
  pairs=1,959,707
DONE 0 rows in 0.00h
loading lookups...
  industries=9 posts=217998
loading pairs...
  pairs=1,959,707
DONE 0 rows in 0.00h
loading lookups...
  industries=9 posts=217998
loading pairs...
  pairs=1,959,707
DONE 0 rows in 0.00h
loading lookups...
  industries=9 posts=217998
loading pairs...
  pairs=1,959,707
DONE 0 rows in 0.00h
loading lookups...
  industries=9 posts=217998
loading pairs...
  pairs=1,959,707
DONE 0 rows in 0.00h
loading lookups...
  industries=9 posts=217998
loading pairs...
  pairs=1,959,707
DONE 0 rows in 0.00h
loading lookups...
  industries=9 posts=217998
loading pairs...
  pairs=1,959,707
DONE 0 rows in 0.00h
loading lookups...
  industries=9 posts=217998
loading pairs...
  pairs=1,959,707
DONE 0 rows in 0.00h
loading lookups...
  industries=9 posts=217998
loading pairs...
  pairs=1,959,707
DONE 0 rows in 0.00h
loading lookups...
  industries=9 posts=217998
loading pairs...
  pairs=1,959,707
DONE 0 rows in 0.00h
loading lookups...
  industries=9 posts=217998
loading pairs...
  pairs=1,959,707
DONE 0 rows in 0.00h
loading lookups...
  industries=9 posts=217998
loading pairs...
  pairs=1,959,707
DONE 0 rows in 0.00h
loading lookups...
  industries=9 posts=217998
loading pairs...
  pairs=1,959,707
DONE 0 rows in 0.00h
loading lookups...
  industries=9 posts=217998
loading pairs...
  pairs=1,959,707
DONE 0 rows in 0.00h
loading lookups...
  industries=9 posts=217998
loading pairs...
  pairs=1,959,707
DONE 0 rows in 0.00h
loading lookups...
  industries=9 posts=217998
loading pairs...
  pairs=1,959,707
DONE 0 rows in 0.00h
loading lookups...
  industries=9 posts=217998
loading pairs...
  pairs=1,959,707
DONE 0 rows in 0.00h
loading lookups...
  industries=9 posts=217998
loading pairs...
  pairs=1,959,707
DONE 0 rows in 0.00h
loading lookups...
  industries=9 posts=217998
loading pairs...
  pairs=1,959,707
DONE 0 rows in 0.00h
loading lookups...
  industries=9 posts=217998
loading pairs...
  pairs=1,959,707
DONE 0 rows in 0.00h
loading lookups...
  industries=9 posts=217998
loading pairs...
  pairs=1,959,707
DONE 0 rows in 0.00h
loading lookups...
  industries=9 posts=217998
loading pairs...
  pairs=1,959,707
DONE 0 rows in 0.00h
loading lookups...
  industries=9 posts=217998
loading pairs...
  pairs=1,959,707
DONE 0 rows in 0.00h
loading lookups...
  industries=9 posts=217998
loading pairs...
  pairs=1,959,707
DONE 0 rows in 0.00h
loading lookups...
  industries=9 posts=217998
loading pairs...
  pairs=1,959,707
DONE 0 rows in 0.00h
loading lookups...
  industries=9 posts=217998
loading pairs...
  pairs=1,959,707
DONE 0 rows in 0.00h
loading lookups...
  industries=9 posts=217998
loading pairs...
  pairs=1,959,707
DONE 0 rows in 0.00h
loading lookups...
  industries=9 posts=217998
loading pairs...
  pairs=1,959,707
DONE 0 rows in 0.00h
loading lookups...
  industries=9 posts=217998
loading pairs...
  pairs=1,959,707
DONE 0 rows in 0.00h
loading lookups...
  industries=9 posts=217998
loading pairs...
  pairs=1,959,707
DONE 0 rows in 0.00h
loading lookups...
  industries=9 posts=217998
loading pairs...
  pairs=1,959,707
DONE 0 rows in 0.00h
loading lookups...
  industries=9 posts=217998
loading pairs...
  pairs=1,959,707
DONE 0 rows in 0.00h
loading lookups...
  industries=9 posts=217998
loading pairs...
  pairs=1,959,707
DONE 0 rows in 0.00h
loading lookups...
  industries=9 posts=217998
loading pairs...
  pairs=1,959,707
DONE 0 rows in 0.00h
loading lookups...
  industries=9 posts=217998
loading pairs...
  pairs=1,959,707
DONE 0 rows in 0.00h
loading lookups...
  industries=9 posts=217998
loading pairs...
  pairs=1,959,707
DONE 0 rows in 0.00h
loading lookups...
  industries=9 posts=217998
loading pairs...
  pairs=1,959,707
DONE 0 rows in 0.00h
loading lookups...
  industries=9 posts=217998
loading pairs...
  pairs=1,959,707
DONE 0 rows in 0.00h
loading lookups...
  industries=9 posts=217998
loading pairs...
  pairs=1,959,707
DONE 0 rows in 0.00h
loading lookups...
  industries=9 posts=217998
loading pairs...
  pairs=1,959,707
DONE 0 rows in 0.00h
loading lookups...
  industries=9 posts=217998
loading pairs...
  pairs=1,959,707
DONE 0 rows in 0.00h
loading lookups...
  industries=9 posts=217998
loading pairs...
  pairs=1,959,707
DONE 0 rows in 0.00h
loading lookups...
  industries=9 posts=217998
loading pairs...
  pairs=1,959,707
DONE 0 rows in 0.00h
loading lookups...
  industries=9 posts=217998
loading pairs...
  pairs=1,959,707
DONE 0 rows in 0.00h
loading lookups...
  industries=9 posts=217998
loading pairs...
  pairs=1,959,707
DONE 0 rows in 0.00h
loading lookups...
  industries=9 posts=217998
loading pairs...
  pairs=1,959,707
DONE 0 rows in 0.00h
loading lookups...
  industries=9 posts=217998
loading pairs...
  pairs=1,959,707
DONE 0 rows in 0.00h
loading lookups...
  industries=9 posts=217998
loading pairs...
  pairs=1,959,707
DONE 0 rows in 0.00h
loading lookups...
  industries=9 posts=217998
loading pairs...
  pairs=1,959,707
DONE 0 rows in 0.00h
loading lookups...
  industries=9 posts=217998
loading pairs...
  pairs=1,959,707
DONE 0 rows in 0.00h
loading lookups...
  industries=9 posts=217998
loading pairs...
  pairs=1,959,707
DONE 0 rows in 0.00h
loading lookups...
  industries=9 posts=217998
loading pairs...
  pairs=1,959,707
DONE 0 rows in 0.00h
loading lookups...
  industries=9 posts=217998
loading pairs...
  pairs=1,959,707
DONE 0 rows in 0.00h
loading lookups...
  industries=9 posts=217998
loading pairs...
  pairs=1,959,707
DONE 0 rows in 0.00h
loading lookups...
  industries=9 posts=217998
loading pairs...
  pairs=1,959,707
DONE 0 rows in 0.00h
loading lookups...
  industries=9 posts=217998
loading pairs...
  pairs=1,959,707
DONE 0 rows in 0.00h
loading lookups...
  industries=9 posts=217998
loading pairs...
  pairs=1,959,707
DONE 0 rows in 0.00h
loading lookups...
  industries=9 posts=217998
loading pairs...
  pairs=1,959,707
DONE 0 rows in 0.00h
loading lookups...
  industries=9 posts=217998
loading pairs...
  pairs=1,959,707
DONE 0 rows in 0.00h
loading lookups...
  industries=9 posts=217998
loading pairs...
  pairs=1,959,707
DONE 0 rows in 0.00h
loading lookups...
  industries=9 posts=217998
loading pairs...
  pairs=1,959,707
DONE 0 rows in 0.00h
loading lookups...
  industries=9 posts=217998
loading pairs...
  pairs=1,959,707
DONE 0 rows in 0.00h
loading lookups...
  industries=9 posts=217998
loading pairs...
  pairs=1,959,707
DONE 0 rows in 0.00h
loading lookups...
  industries=9 posts=217998
loading pairs...
  pairs=1,959,707
DONE 0 rows in 0.00h
loading lookups...
  industries=9 posts=217998
loading pairs...
  pairs=1,959,707
DONE 0 rows in 0.00h
loading lookups...
  industries=9 posts=217998
loading pairs...
  pairs=1,959,707
DONE 0 rows in 0.00h
loading lookups...
  industries=9 posts=217998
loading pairs...
  pairs=1,959,707
DONE 0 rows in 0.00h
loading lookups...
  industries=9 posts=217998
loading pairs...
  pairs=1,959,707
DONE 0 rows in 0.00h
loading lookups...
  industries=9 posts=217998
loading pairs...
  pairs=1,959,707
DONE 0 rows in 0.00h
loading lookups...
  industries=9 posts=217998
loading pairs...
  pairs=1,959,707
DONE 0 rows in 0.00h
loading lookups...
  industries=9 posts=217998
loading pairs...
  pairs=1,959,707
DONE 0 rows in 0.00h
loading lookups...
  industries=9 posts=217998
loading pairs...
  pairs=1,959,707
DONE 0 rows in 0.00h
loading lookups...
  industries=9 posts=217998
loading pairs...
  pairs=1,959,707
DONE 0 rows in 0.00h
loading lookups...
  industries=9 posts=217998
loading pairs...
  pairs=1,959,707
DONE 0 rows in 0.00h
loading lookups...
  industries=9 posts=217998
loading pairs...
  pairs=1,959,707
DONE 0 rows in 0.00h
loading lookups...
  industries=9 posts=217998
loading pairs...
  pairs=1,959,707
DONE 0 rows in 0.00h
loading lookups...
  industries=9 posts=217998
loading pairs...
  pairs=1,959,707
DONE 0 rows in 0.00h
loading lookups...
  industries=9 posts=217998
loading pairs...
  pairs=1,959,707
DONE 0 rows in 0.00h
loading lookups...
  industries=9 posts=217998
loading pairs...
  pairs=1,959,707
DONE 0 rows in 0.00h
loading lookups...
  industries=9 posts=217998
loading pairs...
  pairs=1,959,707
DONE 0 rows in 0.00h
loading lookups...
  industries=9 posts=217998
loading pairs...
  pairs=1,959,707
DONE 0 rows in 0.00h
loading lookups...
  industries=9 posts=217998
loading pairs...
  pairs=1,959,707
DONE 0 rows in 0.00h
loading lookups...
  industries=9 posts=217998
loading pairs...
  pairs=1,959,707
DONE 0 rows in 0.00h
loading lookups...
  industries=9 posts=217998
loading pairs...
  pairs=1,959,707
DONE 0 rows in 0.00h
loading lookups...
  industries=9 posts=217998
loading pairs...
  pairs=1,959,707
DONE 0 rows in 0.00h
loading lookups...
  industries=9 posts=217998
loading pairs...
  pairs=1,959,707
DONE 0 rows in 0.00h
loading lookups...
  industries=9 posts=217998
loading pairs...
  pairs=1,959,707
DONE 0 rows in 0.00h
loading lookups...
  industries=9 posts=217998
loading pairs...
  pairs=1,959,707
DONE 0 rows in 0.00h
loading lookups...
  industries=9 posts=217998
loading pairs...
  pairs=1,959,707
DONE 0 rows in 0.00h
loading lookups...
  industries=9 posts=217998
loading pairs...
  pairs=1,959,707
DONE 0 rows in 0.00h
loading lookups...
  industries=9 posts=217998
loading pairs...
  pairs=1,959,707
DONE 0 rows in 0.00h
loading lookups...
  industries=9 posts=217998
loading pairs...
  pairs=1,959,707
DONE 0 rows in 0.00h
loading lookups...
  industries=9 posts=217998
loading pairs...
  pairs=1,959,707
DONE 0 rows in 0.00h
loading lookups...
  industries=9 posts=217998
loading pairs...
  pairs=1,959,707
DONE 0 rows in 0.00h
loading lookups...
  industries=9 posts=217998
loading pairs...
  pairs=1,959,707
DONE 0 rows in 0.00h
loading lookups...
  industries=9 posts=217998
loading pairs...
  pairs=1,959,707
DONE 0 rows in 0.00h
loading lookups...
  industries=9 posts=217998
loading pairs...
  pairs=1,959,707
DONE 0 rows in 0.00h
loading lookups...
  industries=9 posts=217998
loading pairs...
  pairs=1,959,707
DONE 0 rows in 0.00h
loading lookups...
  industries=9 posts=217998
loading pairs...
  pairs=1,959,707
DONE 0 rows in 0.00h
loading lookups...
  industries=9 posts=217998
loading pairs...
  pairs=1,959,707
DONE 0 rows in 0.00h
loading lookups...
  industries=9 posts=217998
loading pairs...
  pairs=1,959,707
DONE 0 rows in 0.00h
loading lookups...
  industries=9 posts=217998
loading pairs...
  pairs=1,959,707
DONE 0 rows in 0.00h
loading lookups...
  industries=9 posts=217998
loading pairs...
  pairs=1,959,707
DONE 0 rows in 0.00h
loading lookups...
  industries=9 posts=217998
loading pairs...
  pairs=1,959,707
DONE 0 rows in 0.00h
loading lookups...
  industries=9 posts=217998
loading pairs...
  pairs=1,959,707
DONE 0 rows in 0.00h
loading lookups...
  industries=9 posts=217998
loading pairs...
  pairs=1,959,707
DONE 0 rows in 0.00h
loading lookups...
  industries=9 posts=217998
loading pairs...
  pairs=1,959,707
DONE 0 rows in 0.00h
loading lookups...
  industries=9 posts=217998
loading pairs...
  pairs=1,959,707
DONE 0 rows in 0.00h
loading lookups...
  industries=9 posts=217998
loading pairs...
  pairs=1,959,707
DONE 0 rows in 0.00h
loading lookups...
  industries=9 posts=217998
loading pairs...
  pairs=1,959,707
DONE 0 rows in 0.00h
loading lookups...
  industries=9 posts=217998
loading pairs...
  pairs=1,959,707
DONE 0 rows in 0.00h
loading lookups...
  industries=9 posts=217998
loading pairs...
  pairs=1,959,707
DONE 0 rows in 0.00h
loading lookups...
  industries=9 posts=217998
loading pairs...
  pairs=1,959,707
DONE 0 rows in 0.00h
loading lookups...
  industries=9 posts=217998
loading pairs...
  pairs=1,959,707
DONE 0 rows in 0.00h
loading lookups...
  industries=9 posts=217998
loading pairs...
  pairs=1,959,707
DONE 0 rows in 0.00h
loading lookups...
  industries=9 posts=217998
loading pairs...
  pairs=1,959,707
DONE 0 rows in 0.00h
loading lookups...
  industries=9 posts=217998
loading pairs...
  pairs=1,959,707
DONE 0 rows in 0.00h
loading lookups...
  industries=9 posts=217998
loading pairs...
  pairs=1,959,707
DONE 0 rows in 0.00h
loading lookups...
  industries=9 posts=217998
loading pairs...
  pairs=1,959,707
DONE 0 rows in 0.00h
loading lookups...
  industries=9 posts=217998
loading pairs...
  pairs=1,959,707
DONE 0 rows in 0.00h
loading lookups...
  industries=9 posts=217998
loading pairs...
  pairs=1,959,707
DONE 0 rows in 0.00h
loading lookups...
  industries=9 posts=217998
loading pairs...
  pairs=1,959,707
DONE 0 rows in 0.00h
loading lookups...
  industries=9 posts=217998
loading pairs...
  pairs=1,959,707
DONE 0 rows in 0.00h
loading lookups...
  industries=9 posts=217998
loading pairs...
  pairs=1,959,707
DONE 0 rows in 0.00h
loading lookups...
  industries=9 posts=217998
loading pairs...
  pairs=1,959,707
DONE 0 rows in 0.00h
loading lookups...
  industries=9 posts=217998
loading pairs...
  pairs=1,959,707
DONE 0 rows in 0.00h
loading lookups...
  industries=9 posts=217998
loading pairs...
  pairs=1,959,707
DONE 0 rows in 0.00h
loading lookups...
  industries=9 posts=217998
loading pairs...
  pairs=1,959,707
DONE 0 rows in 0.00h
loading lookups...
  industries=9 posts=217998
loading pairs...
  pairs=1,959,707
DONE 0 rows in 0.00h
loading lookups...
  industries=9 posts=217998
loading pairs...
  pairs=1,959,707
DONE 0 rows in 0.00h
loading lookups...
  industries=9 posts=217998
loading pairs...
  pairs=1,959,707
DONE 0 rows in 0.00h
loading lookups...
  industries=9 posts=217998
loading pairs...
  pairs=1,959,707
DONE 0 rows in 0.00h
loading lookups...
  industries=9 posts=217998
loading pairs...
  pairs=1,959,707
DONE 0 rows in 0.00h
loading lookups...
  industries=9 posts=217998
loading pairs...
  pairs=1,959,707
DONE 0 rows in 0.00h
loading lookups...
  industries=9 posts=217998
loading pairs...
  pairs=1,959,707
DONE 0 rows in 0.00h
loading lookups...
  industries=9 posts=217998
loading pairs...
  pairs=1,959,707
DONE 0 rows in 0.00h
loading lookups...
  industries=9 posts=217998
loading pairs...
  pairs=1,959,707
DONE 0 rows in 0.00h
loading lookups...
  industries=9 posts=217998
loading pairs...
  pairs=1,959,707
DONE 0 rows in 0.00h
loading lookups...
  industries=9 posts=217998
loading pairs...
  pairs=1,959,707
DONE 0 rows in 0.00h
loading lookups...
  industries=9 posts=217998
loading pairs...
  pairs=1,959,707
DONE 0 rows in 0.00h
loading lookups...
  industries=9 posts=217998
loading pairs...
  pairs=1,959,707
DONE 0 rows in 0.00h
loading lookups...
  industries=9 posts=217998
loading pairs...
  pairs=1,959,707
DONE 0 rows in 0.00h
loading lookups...
  industries=9 posts=217998
loading pairs...
  pairs=1,959,707
DONE 0 rows in 0.00h
loading lookups...
  industries=9 posts=217998
loading pairs...
  pairs=1,959,707
DONE 0 rows in 0.00h
loading lookups...
  industries=9 posts=217998
loading pairs...
  pairs=1,959,707
DONE 0 rows in 0.00h
loading lookups...
  industries=9 posts=217998
loading pairs...
  pairs=1,959,707
DONE 0 rows in 0.00h
loading lookups...
  industries=9 posts=217998
loading pairs...
  pairs=1,959,707
DONE 0 rows in 0.00h
loading lookups...
  industries=9 posts=217998
loading pairs...
  pairs=1,959,707
DONE 0 rows in 0.00h
loading lookups...
  industries=9 posts=217998
loading pairs...
  pairs=1,959,707
DONE 0 rows in 0.00h
loading lookups...
  industries=9 posts=217998
loading pairs...
  pairs=1,959,707
DONE 0 rows in 0.00h
loading lookups...
  industries=9 posts=217998
loading pairs...
  pairs=1,959,707
DONE 0 rows in 0.00h
loading lookups...
  industries=9 posts=217998
loading pairs...
  pairs=1,959,707
DONE 0 rows in 0.00h
loading lookups...
  industries=9 posts=217998
loading pairs...
  pairs=1,959,707
DONE 0 rows in 0.00h
loading lookups...
  industries=9 posts=217998
loading pairs...
  pairs=1,959,707
DONE 0 rows in 0.00h
loading lookups...
  industries=9 posts=217998
loading pairs...
  pairs=1,959,707
DONE 0 rows in 0.00h
loading lookups...
  industries=9 posts=217998
loading pairs...
  pairs=1,959,707
DONE 0 rows in 0.00h
loading lookups...
  industries=9 posts=217998
loading pairs...
  pairs=1,959,707
DONE 0 rows in 0.00h
loading lookups...
  industries=9 posts=217998
loading pairs...
  pairs=1,959,707
DONE 0 rows in 0.00h
loading lookups...
  industries=9 posts=217998
loading pairs...
  pairs=1,959,707
DONE 0 rows in 0.00h
loading lookups...
  industries=9 posts=217998
loading pairs...
  pairs=1,959,707
DONE 0 rows in 0.00h
loading lookups...
  industries=9 posts=217998
loading pairs...
  pairs=1,959,707
DONE 0 rows in 0.00h
loading lookups...
  industries=9 posts=217998
loading pairs...
  pairs=1,959,707
DONE 0 rows in 0.00h
loading lookups...
  industries=9 posts=217998
loading pairs...
  pairs=1,959,707
DONE 0 rows in 0.00h
loading lookups...
  industries=9 posts=217998
loading pairs...
  pairs=1,959,707
DONE 0 rows in 0.00h
loading lookups...
  industries=9 posts=217998
loading pairs...
  pairs=1,959,707
DONE 0 rows in 0.00h
loading lookups...
  industries=9 posts=217998
loading pairs...
  pairs=1,959,707
DONE 0 rows in 0.00h
loading lookups...
  industries=9 posts=217998
loading pairs...
  pairs=1,959,707
DONE 0 rows in 0.00h
loading lookups...
  industries=9 posts=217998
loading pairs...
  pairs=1,959,707
DONE 0 rows in 0.00h
loading lookups...
  industries=9 posts=217998
loading pairs...
  pairs=1,959,707
DONE 0 rows in 0.00h
loading lookups...
  industries=9 posts=217998
loading pairs...
  pairs=1,959,707
DONE 0 rows in 0.00h
loading lookups...
  industries=9 posts=217998
loading pairs...
  pairs=1,959,707
DONE 0 rows in 0.00h
loading lookups...
  industries=9 posts=217998
loading pairs...
  pairs=1,959,707
DONE 0 rows in 0.00h
loading lookups...
  industries=9 posts=217998
loading pairs...
  pairs=1,959,707
DONE 0 rows in 0.00h
loading lookups...
  industries=9 posts=217998
loading pairs...
  pairs=1,959,707
DONE 0 rows in 0.00h
loading lookups...
  industries=9 posts=217998
loading pairs...
  pairs=1,959,707
DONE 0 rows in 0.00h
loading lookups...
  industries=9 posts=217998
loading pairs...
  pairs=1,959,707
DONE 0 rows in 0.00h
loading lookups...
  industries=9 posts=217998
loading pairs...
  pairs=1,959,707
DONE 0 rows in 0.00h
loading lookups...
  industries=9 posts=217998
loading pairs...
  pairs=1,959,707
DONE 0 rows in 0.00h
loading lookups...
  industries=9 posts=217998
loading pairs...
  pairs=1,959,707
DONE 0 rows in 0.00h
loading lookups...
  industries=9 posts=217998
loading pairs...
  pairs=1,959,707
DONE 0 rows in 0.00h
loading lookups...
  industries=9 posts=217998
loading pairs...
  pairs=1,959,707
DONE 0 rows in 0.00h
loading lookups...
  industries=9 posts=217998
loading pairs...
  pairs=1,959,707
DONE 0 rows in 0.00h
loading lookups...
  industries=9 posts=217998
loading pairs...
  pairs=1,959,707
DONE 0 rows in 0.00h
loading lookups...
  industries=9 posts=217998
loading pairs...
  pairs=1,959,707
DONE 0 rows in 0.00h
loading lookups...
  industries=9 posts=217998
loading pairs...
  pairs=1,959,707
DONE 0 rows in 0.00h
loading lookups...
  industries=9 posts=217998
loading pairs...
  pairs=1,959,707
DONE 0 rows in 0.00h
loading lookups...
  industries=9 posts=217998
loading pairs...
  pairs=1,959,707
DONE 0 rows in 0.00h
loading lookups...
  industries=9 posts=217998
loading pairs...
  pairs=1,959,707
DONE 0 rows in 0.00h
loading lookups...
  industries=9 posts=217998
loading pairs...
  pairs=1,959,707
DONE 0 rows in 0.00h
loading lookups...
  industries=9 posts=217998
loading pairs...
  pairs=1,959,707
DONE 0 rows in 0.00h
loading lookups...
  industries=9 posts=217998
loading pairs...
  pairs=1,959,707
DONE 0 rows in 0.00h
loading lookups...
  industries=9 posts=217998
loading pairs...
  pairs=1,959,707
DONE 0 rows in 0.00h
loading lookups...
  industries=9 posts=217998
loading pairs...
  pairs=1,959,707
DONE 0 rows in 0.00h
loading lookups...
  industries=9 posts=217998
loading pairs...
  pairs=1,959,707
DONE 0 rows in 0.00h
loading lookups...
  industries=9 posts=217998
loading pairs...
  pairs=1,959,707
DONE 0 rows in 0.00h
loading lookups...
  industries=9 posts=217998
loading pairs...
  pairs=1,959,707
DONE 0 rows in 0.00h
loading lookups...
  industries=9 posts=217998
loading pairs...
  pairs=1,959,707
DONE 0 rows in 0.00h
loading lookups...
  industries=9 posts=217998
loading pairs...
  pairs=1,959,707
DONE 0 rows in 0.00h
loading lookups...
  industries=9 posts=217998
loading pairs...
  pairs=1,959,707
DONE 0 rows in 0.00h
loading lookups...
  industries=9 posts=217998
loading pairs...
  pairs=1,959,707
DONE 0 rows in 0.00h
loading lookups...
  industries=9 posts=217998
loading pairs...
  pairs=1,959,707
DONE 0 rows in 0.00h
loading lookups...
  industries=9 posts=217998
loading pairs...
  pairs=1,959,707
DONE 0 rows in 0.00h
loading lookups...
  industries=9 posts=217998
loading pairs...
  pairs=1,959,707
DONE 0 rows in 0.00h
loading lookups...
  industries=9 posts=217998
loading pairs...
  pairs=1,959,707
DONE 0 rows in 0.00h
loading lookups...
  industries=9 posts=217998
loading pairs...
  pairs=1,959,707
DONE 0 rows in 0.00h
loading lookups...
  industries=9 posts=217998
loading pairs...
  pairs=1,959,707
DONE 0 rows in 0.00h
loading lookups...
  industries=9 posts=217998
loading pairs...
  pairs=1,959,707
DONE 0 rows in 0.00h
loading lookups...
  industries=9 posts=217998
loading pairs...
  pairs=1,959,707
DONE 0 rows in 0.00h
loading lookups...
  industries=9 posts=217998
loading pairs...
  pairs=1,959,707
DONE 0 rows in 0.00h
loading lookups...
  industries=9 posts=217998
loading pairs...
  pairs=1,959,707
DONE 0 rows in 0.00h
loading lookups...
  industries=9 posts=217998
loading pairs...
  pairs=1,959,707
DONE 0 rows in 0.00h
loading lookups...
  industries=9 posts=217998
loading pairs...
  pairs=1,959,707
DONE 0 rows in 0.00h
loading lookups...
  industries=9 posts=217998
loading pairs...
  pairs=1,959,707
DONE 0 rows in 0.00h
loading lookups...
  industries=9 posts=217998
loading pairs...
  pairs=1,959,707
DONE 0 rows in 0.00h
loading lookups...
  industries=9 posts=217998
loading pairs...
  pairs=1,959,707
DONE 0 rows in 0.00h
loading lookups...
  industries=9 posts=217998
loading pairs...
  pairs=1,959,707
DONE 0 rows in 0.00h
loading lookups...
  industries=9 posts=217998
loading pairs...
  pairs=1,959,707
DONE 0 rows in 0.00h
loading lookups...
  industries=9 posts=217998
loading pairs...
  pairs=1,959,707
DONE 0 rows in 0.00h
loading lookups...
  industries=9 posts=217998
loading pairs...
  pairs=1,959,707
DONE 0 rows in 0.00h
loading lookups...
  industries=9 posts=217998
loading pairs...
  pairs=1,959,707
DONE 0 rows in 0.00h
loading lookups...
  industries=9 posts=217998
loading pairs...
  pairs=1,959,707
DONE 0 rows in 0.00h
loading lookups...
  industries=9 posts=217998
loading pairs...
  pairs=1,959,707
DONE 0 rows in 0.00h
loading lookups...
  industries=9 posts=217998
loading pairs...
  pairs=1,959,707
DONE 0 rows in 0.00h
loading lookups...
  industries=9 posts=217998
loading pairs...
  pairs=1,959,707
DONE 0 rows in 0.00h
loading lookups...
  industries=9 posts=217998
loading pairs...
  pairs=1,959,707
DONE 0 rows in 0.00h
loading lookups...
  industries=9 posts=217998
loading pairs...
  pairs=1,959,707
DONE 0 rows in 0.00h
loading lookups...
  industries=9 posts=217998
loading pairs...
  pairs=1,959,707
DONE 0 rows in 0.00h
loading lookups...
  industries=9 posts=217998
loading pairs...
  pairs=1,959,707
DONE 0 rows in 0.00h
loading lookups...
  industries=9 posts=217998
loading pairs...
  pairs=1,959,707
DONE 0 rows in 0.00h
loading lookups...
  industries=9 posts=217998
loading pairs...
  pairs=1,959,707
DONE 0 rows in 0.00h
loading lookups...
  industries=9 posts=217998
loading pairs...
  pairs=1,959,707
DONE 0 rows in 0.00h
loading lookups...
  industries=9 posts=217998
loading pairs...
  pairs=1,959,707
DONE 0 rows in 0.00h
loading lookups...
  industries=9 posts=217998
loading pairs...
  pairs=1,959,707
DONE 0 rows in 0.00h
loading lookups...
  industries=9 posts=217998
loading pairs...
  pairs=1,959,707
DONE 0 rows in 0.00h
loading lookups...
  industries=9 posts=217998
loading pairs...
  pairs=1,959,707
DONE 0 rows in 0.00h
loading lookups...
  industries=9 posts=217998
loading pairs...
  pairs=1,959,707
DONE 0 rows in 0.00h
loading lookups...
  industries=9 posts=217998
loading pairs...
  pairs=1,959,707
DONE 0 rows in 0.00h
loading lookups...
  industries=9 posts=217998
loading pairs...
  pairs=1,959,707
DONE 0 rows in 0.00h
loading lookups...
  industries=9 posts=217998
loading pairs...
  pairs=1,959,707
DONE 0 rows in 0.00h
loading lookups...
  industries=9 posts=217998
loading pairs...
  pairs=1,959,707
DONE 0 rows in 0.00h
loading lookups...
  industries=9 posts=217998
loading pairs...
  pairs=1,959,707
DONE 0 rows in 0.00h
loading lookups...
  industries=9 posts=217998
loading pairs...
  pairs=1,959,707
DONE 0 rows in 0.00h
loading lookups...
  industries=9 posts=217998
loading pairs...
  pairs=1,959,707
DONE 0 rows in 0.00h
loading lookups...
  industries=9 posts=217998
loading pairs...
  pairs=1,959,707
DONE 0 rows in 0.00h
loading lookups...
  industries=9 posts=217998
loading pairs...
  pairs=1,959,707
DONE 0 rows in 0.00h
loading lookups...
  industries=9 posts=217998
loading pairs...
  pairs=1,959,707
DONE 0 rows in 0.00h
loading lookups...
  industries=9 posts=217998
loading pairs...
  pairs=1,959,707
DONE 0 rows in 0.00h
loading lookups...
  industries=9 posts=217998
loading pairs...
  pairs=1,959,707
DONE 0 rows in 0.00h
loading lookups...
  industries=9 posts=217998
loading pairs...
  pairs=1,959,707
DONE 0 rows in 0.00h
loading lookups...
  industries=9 posts=217998
loading pairs...
  pairs=1,959,707
DONE 0 rows in 0.00h
loading lookups...
  industries=9 posts=217998
loading pairs...
  pairs=1,959,707
DONE 0 rows in 0.00h
loading lookups...
  industries=9 posts=217998
loading pairs...
  pairs=1,959,707
DONE 0 rows in 0.00h
loading lookups...
  industries=9 posts=217998
loading pairs...
  pairs=1,959,707
DONE 0 rows in 0.00h
loading lookups...
  industries=9 posts=217998
loading pairs...
  pairs=1,959,707
DONE 0 rows in 0.00h
loading lookups...
  industries=9 posts=217998
loading pairs...
  pairs=1,959,707
DONE 0 rows in 0.00h
loading lookups...
  industries=9 posts=217998
loading pairs...
  pairs=1,959,707
DONE 0 rows in 0.00h
loading lookups...
  industries=9 posts=217998
loading pairs...
  pairs=1,959,707
DONE 0 rows in 0.00h
loading lookups...
  industries=9 posts=217998
loading pairs...
  pairs=1,959,707
DONE 0 rows in 0.00h
loading lookups...
  industries=9 posts=217998
loading pairs...
  pairs=1,959,707
DONE 0 rows in 0.00h
loading lookups...
  industries=9 posts=217998
loading pairs...
  pairs=1,959,707
DONE 0 rows in 0.00h
loading lookups...
  industries=9 posts=217998
loading pairs...
  pairs=1,959,707
DONE 0 rows in 0.00h
loading lookups...
  industries=9 posts=217998
loading pairs...
  pairs=1,959,707
DONE 0 rows in 0.00h
loading lookups...
  industries=9 posts=217998
loading pairs...
  pairs=1,959,707
DONE 0 rows in 0.00h
loading lookups...
  industries=9 posts=217998
loading pairs...
  pairs=1,959,707
DONE 0 rows in 0.00h
loading lookups...
  industries=9 posts=217998
loading pairs...
  pairs=1,959,707
DONE 0 rows in 0.00h
loading lookups...
  industries=9 posts=217998
loading pairs...
  pairs=1,959,707
DONE 0 rows in 0.00h
loading lookups...
  industries=9 posts=217998
loading pairs...
  pairs=1,959,707
DONE 0 rows in 0.00h
loading lookups...
  industries=9 posts=217998
loading pairs...
  pairs=1,959,707
DONE 0 rows in 0.00h
loading lookups...
  industries=9 posts=217998
loading pairs...
  pairs=1,959,707
DONE 0 rows in 0.00h
loading lookups...
  industries=9 posts=217998
loading pairs...
  pairs=1,959,707
DONE 0 rows in 0.00h
loading lookups...
  industries=9 posts=217998
loading pairs...
  pairs=1,959,707
DONE 0 rows in 0.00h
loading lookups...
  industries=9 posts=217998
loading pairs...
  pairs=1,959,707
DONE 0 rows in 0.00h
loading lookups...
  industries=9 posts=217998
loading pairs...
  pairs=1,959,707
DONE 0 rows in 0.00h
loading lookups...
  industries=9 posts=217998
loading pairs...
  pairs=1,959,707
DONE 0 rows in 0.00h
loading lookups...
  industries=9 posts=217998
loading pairs...
  pairs=1,959,707
DONE 0 rows in 0.00h
loading lookups...
  industries=9 posts=217998
loading pairs...
  pairs=1,959,707
DONE 0 rows in 0.00h
loading lookups...
  industries=9 posts=217998
loading pairs...
  pairs=1,959,707
DONE 0 rows in 0.00h
loading lookups...
  industries=9 posts=217998
loading pairs...
  pairs=1,959,707
DONE 0 rows in 0.00h
loading lookups...
  industries=9 posts=217998
loading pairs...
  pairs=1,959,707
DONE 0 rows in 0.00h
loading lookups...
  industries=9 posts=217998
loading pairs...
  pairs=1,959,707
DONE 0 rows in 0.00h
loading lookups...
  industries=9 posts=217998
loading pairs...
  pairs=1,959,707
DONE 0 rows in 0.00h
loading lookups...
  industries=9 posts=217998
loading pairs...
  pairs=1,959,707
DONE 0 rows in 0.00h
loading lookups...
  industries=9 posts=217998
loading pairs...
  pairs=1,959,707
DONE 0 rows in 0.00h
loading lookups...
  industries=9 posts=217998
loading pairs...
  pairs=1,959,707
DONE 0 rows in 0.00h
loading lookups...
  industries=9 posts=217998
loading pairs...
  pairs=1,959,707
DONE 0 rows in 0.00h
loading lookups...
  industries=9 posts=217998
loading pairs...
  pairs=1,959,707
DONE 0 rows in 0.00h
loading lookups...
  industries=9 posts=217998
loading pairs...
  pairs=1,959,707
DONE 0 rows in 0.00h
loading lookups...
  industries=9 posts=217998
loading pairs...
  pairs=1,959,707
DONE 0 rows in 0.00h
loading lookups...
  industries=9 posts=217998
loading pairs...
  pairs=1,959,707
DONE 0 rows in 0.00h
loading lookups...
  industries=9 posts=217998
loading pairs...
  pairs=1,959,707
DONE 0 rows in 0.00h
loading lookups...
  industries=9 posts=217998
loading pairs...
  pairs=1,959,707
DONE 0 rows in 0.00h
loading lookups...
  industries=9 posts=217998
loading pairs...
  pairs=1,959,707
DONE 0 rows in 0.00h
loading lookups...
  industries=9 posts=217998
loading pairs...
  pairs=1,959,707
DONE 0 rows in 0.00h
loading lookups...
  industries=9 posts=217998
loading pairs...
  pairs=1,959,707
DONE 0 rows in 0.00h
loading lookups...
  industries=9 posts=217998
loading pairs...
  pairs=1,959,707
DONE 0 rows in 0.00h
loading lookups...
  industries=9 posts=217998
loading pairs...
  pairs=1,959,707
DONE 0 rows in 0.00h
loading lookups...
  industries=9 posts=217998
loading pairs...
  pairs=1,959,707
DONE 0 rows in 0.00h
loading lookups...
  industries=9 posts=217998
loading pairs...
  pairs=1,959,707
DONE 0 rows in 0.00h
loading lookups...
  industries=9 posts=217998
loading pairs...
  pairs=1,959,707
DONE 0 rows in 0.00h
loading lookups...
  industries=9 posts=217998
loading pairs...
  pairs=1,959,707
DONE 0 rows in 0.00h
loading lookups...
  industries=9 posts=217998
loading pairs...
  pairs=1,959,707
DONE 0 rows in 0.00h
loading lookups...
  industries=9 posts=217998
loading pairs...
  pairs=1,959,707
DONE 0 rows in 0.00h
loading lookups...
  industries=9 posts=217998
loading pairs...
  pairs=1,959,707
DONE 0 rows in 0.00h
loading lookups...
  industries=9 posts=217998
loading pairs...
  pairs=1,959,707
DONE 0 rows in 0.00h
loading lookups...
  industries=9 posts=217998
loading pairs...
  pairs=1,959,707
DONE 0 rows in 0.00h
loading lookups...
  industries=9 posts=217998
loading pairs...
  pairs=1,959,707
DONE 0 rows in 0.00h
loading lookups...
  industries=9 posts=217998
loading pairs...
  pairs=1,959,707
DONE 0 rows in 0.00h
loading lookups...
  industries=9 posts=217998
loading pairs...
  pairs=1,959,707
DONE 0 rows in 0.00h
loading lookups...
  industries=9 posts=217998
loading pairs...
  pairs=1,959,707
DONE 0 rows in 0.00h
loading lookups...
  industries=9 posts=217998
loading pairs...
  pairs=1,959,707
DONE 0 rows in 0.00h
loading lookups...
  industries=9 posts=217998
loading pairs...
  pairs=1,959,707
DONE 0 rows in 0.00h
loading lookups...
  industries=9 posts=217998
loading pairs...
  pairs=1,959,707
DONE 0 rows in 0.00h
loading lookups...
  industries=9 posts=217998
loading pairs...
  pairs=1,959,707
DONE 0 rows in 0.00h
loading lookups...
  industries=9 posts=217998
loading pairs...
  pairs=1,959,707
DONE 0 rows in 0.00h
loading lookups...
  industries=9 posts=217998
loading pairs...
  pairs=1,959,707
DONE 0 rows in 0.00h
loading lookups...
  industries=9 posts=217998
loading pairs...
  pairs=1,959,707
DONE 0 rows in 0.00h
loading lookups...
  industries=9 posts=217998
loading pairs...
  pairs=1,959,707
DONE 0 rows in 0.00h
loading lookups...
  industries=9 posts=217998
loading pairs...
  pairs=1,959,707
DONE 0 rows in 0.00h
loading lookups...
  industries=9 posts=217998
loading pairs...
  pairs=1,959,707
DONE 0 rows in 0.00h
loading lookups...
  industries=9 posts=217998
loading pairs...
  pairs=1,959,707
DONE 0 rows in 0.00h
loading lookups...
  industries=9 posts=217998
loading pairs...
  pairs=1,959,707
DONE 0 rows in 0.00h
loading lookups...
  industries=9 posts=217998
loading pairs...
  pairs=1,959,707
DONE 0 rows in 0.00h
loading lookups...
  industries=9 posts=217998
loading pairs...
  pairs=1,959,707
DONE 0 rows in 0.00h
loading lookups...
  industries=9 posts=217998
loading pairs...
  pairs=1,959,707
DONE 0 rows in 0.00h
loading lookups...
  industries=9 posts=217998
loading pairs...
  pairs=1,959,707
DONE 0 rows in 0.00h
loading lookups...
  industries=9 posts=217998
loading pairs...
  pairs=1,959,707
DONE 0 rows in 0.00h
loading lookups...
  industries=9 posts=217998
loading pairs...
  pairs=1,959,707
DONE 0 rows in 0.00h
loading lookups...
  industries=9 posts=217998
loading pairs...
  pairs=1,959,707
DONE 0 rows in 0.00h
loading lookups...
  industries=9 posts=217998
loading pairs...
  pairs=1,959,707
DONE 0 rows in 0.00h
loading lookups...
  industries=9 posts=217998
loading pairs...
  pairs=1,959,707
DONE 0 rows in 0.00h
loading lookups...
  industries=9 posts=217998
loading pairs...
  pairs=1,959,707
DONE 0 rows in 0.00h
loading lookups...
  industries=9 posts=217998
loading pairs...
  pairs=1,959,707
DONE 0 rows in 0.00h
loading lookups...
  industries=9 posts=217998
loading pairs...
  pairs=1,959,707
DONE 0 rows in 0.00h
loading lookups...
  industries=9 posts=217998
loading pairs...
  pairs=1,959,707
DONE 0 rows in 0.00h
loading lookups...
  industries=9 posts=217998
loading pairs...
  pairs=1,959,707
DONE 0 rows in 0.00h
loading lookups...
  industries=9 posts=217998
loading pairs...
  pairs=1,959,707
DONE 0 rows in 0.00h
loading lookups...
  industries=9 posts=217998
loading pairs...
  pairs=1,959,707
DONE 0 rows in 0.00h
loading lookups...
  industries=9 posts=217998
loading pairs...
  pairs=1,959,707
DONE 0 rows in 0.00h
loading lookups...
  industries=9 posts=217998
loading pairs...
  pairs=1,959,707
DONE 0 rows in 0.00h
loading lookups...
  industries=9 posts=217998
loading pairs...
  pairs=1,959,707
DONE 0 rows in 0.00h
loading lookups...
  industries=9 posts=217998
loading pairs...
  pairs=1,959,707
DONE 0 rows in 0.00h
loading lookups...
  industries=9 posts=217998
loading pairs...
  pairs=1,959,707
DONE 0 rows in 0.00h
loading lookups...
  industries=9 posts=217998
loading pairs...
  pairs=1,959,707
DONE 0 rows in 0.00h
loading lookups...
  industries=9 posts=217998
loading pairs...
  pairs=1,959,707
DONE 0 rows in 0.00h
loading lookups...
  industries=9 posts=217998
loading pairs...
  pairs=1,959,707
DONE 0 rows in 0.00h
loading lookups...
  industries=9 posts=217998
loading pairs...
  pairs=1,959,707
DONE 0 rows in 0.00h
loading lookups...
  industries=9 posts=217998
loading pairs...
  pairs=1,959,707
DONE 0 rows in 0.00h
loading lookups...
  industries=9 posts=217998
loading pairs...
  pairs=1,959,707
DONE 0 rows in 0.00h
loading lookups...
  industries=9 posts=217998
loading pairs...
  pairs=1,959,707
DONE 0 rows in 0.00h
loading lookups...
  industries=9 posts=217998
loading pairs...
  pairs=1,959,707
DONE 0 rows in 0.00h
loading lookups...
  industries=9 posts=217998
loading pairs...
  pairs=1,959,707
DONE 0 rows in 0.00h
loading lookups...
  industries=9 posts=217998
loading pairs...
  pairs=1,959,707
DONE 0 rows in 0.00h
loading lookups...
  industries=9 posts=217998
loading pairs...
  pairs=1,959,707
DONE 0 rows in 0.00h
loading lookups...
  industries=9 posts=217998
loading pairs...
  pairs=1,959,707
DONE 0 rows in 0.00h
